studentID,t_info,t_grade,t_atd,t_csp
10842,-1,47,4,-1
10843,-1,47,-1,-1
10844,-1,47,5,-1
10845,-1,47,3,-1
10846,-1,45,2,-1
10847,-1,47,1,-1
10849,-1,45,2,-1
10850,-1,47,4,-1
10851,-1,47,-1,-1
10852,-1,47,-1,-1
10853,-1,45,-1,-1
10854,-1,47,4,-1
10855,-1,47,13,-1
10856,-1,47,1,-1
10857,-1,47,21,-1
10858,-1,47,3,-1
10859,-1,47,10,-1
10860,-1,47,-1,-1
10861,-1,47,-1,-1
10862,-1,45,1,-1
10863,-1,45,5,-1
10864,-1,47,3,-1
10865,-1,45,4,-1
10866,-1,47,-1,-1
10867,-1,45,1,-1
10868,-1,47,26,-1
10869,-1,47,2,-1
10870,-1,47,5,-1
10871,-1,45,3,-1
10872,-1,47,3,-1
10873,-1,47,1,-1
10874,-1,47,-1,-1
10875,-1,47,-1,-1
10876,-1,47,-1,-1
10877,-1,47,2,-1
10878,-1,47,-1,-1
10879,-1,47,-1,-1
10880,-1,47,1,-1
10881,-1,47,4,-1
10882,-1,47,-1,-1
10883,-1,47,-1,-1
10884,-1,47,4,-1
10885,-1,45,6,-1
10886,-1,45,5,-1
10887,-1,44,11,-1
10888,-1,47,4,-1
10889,-1,47,13,-1
10890,-1,45,7,-1
10891,-1,45,2,-1
10892,-1,45,17,-1
10893,-1,45,7,-1
10894,-1,45,2,-1
10895,-1,45,3,-1
10896,-1,45,20,-1
10897,-1,45,3,-1
10898,-1,45,23,-1
10899,-1,44,2,-1
10900,-1,45,3,-1
10901,-1,45,2,-1
10902,-1,44,2,-1
10903,-1,44,-1,-1
10904,-1,45,9,-1
10905,-1,45,3,-1
10906,-1,44,-1,-1
10907,-1,45,4,-1
10908,-1,45,4,-1
10909,-1,45,-1,-1
10910,-1,45,-1,-1
10911,-1,44,1,-1
10912,-1,47,4,-1
10913,-1,47,1,-1
10914,-1,44,-1,-1
10915,-1,47,1,-1
10916,-1,44,-1,-1
10917,-1,45,-1,-1
10918,-1,47,7,-1
10919,-1,44,-1,-1
10920,-1,47,6,-1
10921,-1,47,6,-1
10922,-1,44,1,-1
10923,-1,44,2,-1
10924,-1,45,-1,-1
10925,-1,45,-1,-1
10926,-1,45,4,-1
10927,-1,45,-1,-1
10928,-1,45,-1,-1
10929,-1,45,3,-1
10930,-1,45,1,-1
10931,-1,45,2,-1
10932,-1,45,3,-1
10933,-1,45,1,-1
10934,-1,45,-1,-1
10935,-1,45,1,-1
10936,-1,45,1,-1
10937,-1,45,1,-1
10938,-1,45,6,-1
10939,-1,45,-1,-1
10940,-1,45,2,-1
10942,-1,45,2,-1
10943,-1,45,1,-1
10944,-1,45,3,-1
10945,-1,45,3,-1
10946,-1,45,5,-1
10947,-1,45,-1,-1
10948,-1,45,-1,-1
10949,-1,45,-1,-1
10950,-1,45,1,-1
10951,-1,45,-1,-1
10952,-1,45,-1,-1
10953,-1,45,15,-1
10954,-1,45,1,-1
10955,-1,45,4,-1
10956,-1,45,3,-1
10957,-1,45,-1,-1
10958,-1,45,-1,-1
10961,-1,45,32,-1
10962,-1,45,-1,-1
10963,-1,45,-1,-1
10964,-1,45,-1,-1
10965,-1,45,-1,-1
10966,-1,45,1,-1
10968,-1,45,3,-1
10969,-1,45,1,-1
10970,-1,45,-1,-1
10971,-1,44,3,-1
10972,-1,44,-1,-1
10973,-1,45,-1,-1
10974,-1,45,18,-1
10975,-1,45,3,-1
10976,-1,45,3,-1
10977,-1,44,5,-1
10978,-1,45,10,-1
10979,-1,44,9,-1
10980,-1,45,4,-1
10981,-1,44,4,-1
10982,-1,45,4,-1
10983,-1,45,3,-1
10984,-1,45,2,-1
10985,-1,44,2,-1
10986,-1,45,3,-1
10987,-1,44,-1,-1
10988,-1,45,10,-1
10989,-1,44,2,-1
10990,-1,44,-1,-1
10991,-1,44,2,-1
10992,-1,44,2,-1
10993,-1,44,2,-1
10994,-1,45,2,-1
10995,-1,44,-1,-1
10996,-1,44,-1,-1
10998,-1,44,1,-1
10999,-1,45,12,-1
11000,-1,44,5,-1
11001,-1,44,5,-1
11002,-1,44,-1,-1
11003,-1,44,-1,-1
11004,-1,44,2,-1
11005,-1,44,2,-1
11006,-1,44,2,-1
11007,-1,44,-1,-1
11008,-1,44,2,-1
11009,-1,44,2,-1
11010,-1,44,-1,-1
11011,-1,44,-1,-1
11013,-1,44,1,-1
11015,-1,44,2,-1
11017,-1,45,3,-1
11018,-1,45,17,-1
11019,-1,45,-1,-1
11020,-1,45,-1,-1
11021,-1,45,-1,-1
11022,-1,45,3,-1
11023,-1,45,5,-1
11024,-1,45,-1,-1
11025,-1,45,3,-1
11026,-1,45,1,-1
11027,-1,45,-1,-1
11028,-1,45,2,-1
11029,-1,45,1,-1
11030,-1,45,1,-1
11031,-1,45,2,-1
11032,-1,45,20,-1
11033,-1,45,4,-1
11034,-1,45,10,-1
11035,-1,45,11,-1
11036,-1,45,5,-1
11037,-1,45,1,-1
11038,-1,45,8,-1
11039,-1,45,3,-1
11040,-1,45,-1,-1
11041,-1,45,-1,-1
11042,-1,45,10,-1
11043,-1,45,1,-1
11044,-1,45,18,-1
11046,-1,45,-1,-1
11047,-1,45,-1,-1
11048,-1,95,7,-1
11049,-1,45,1,-1
11050,-1,45,7,-1
11051,-1,45,5,-1
11052,-1,45,13,-1
11053,-1,45,4,-1
11054,-1,45,2,-1
11055,-1,45,3,-1
11056,-1,45,1,-1
11057,-1,45,7,-1
11058,-1,45,9,-1
11059,-1,45,-1,-1
11060,-1,45,-1,-1
11061,-1,45,-1,-1
11062,-1,45,1,-1
11063,-1,45,-1,-1
11064,-1,45,6,-1
11065,-1,45,1,-1
11066,-1,45,-1,-1
11067,-1,45,-1,-1
11068,-1,45,5,-1
11069,-1,45,-1,-1
11070,-1,45,1,-1
11072,-1,45,1,-1
11073,-1,45,2,-1
11074,-1,45,1,-1
11075,-1,45,10,-1
11076,-1,45,1,-1
11077,-1,45,-1,-1
11078,-1,45,2,-1
11079,-1,45,4,-1
11080,-1,45,5,-1
11081,-1,45,1,-1
11082,-1,45,1,-1
11083,-1,45,1,-1
11084,-1,45,-1,-1
11085,-1,45,1,-1
11087,-1,45,-1,-1
11088,-1,45,-1,-1
11089,-1,45,9,-1
11090,-1,45,-1,-1
11091,-1,45,1,-1
11093,-1,45,1,-1
11094,-1,45,1,-1
11095,-1,45,-1,-1
11096,-1,45,4,-1
11097,-1,45,13,-1
11098,-1,45,2,-1
11099,-1,45,3,-1
11100,-1,45,14,-1
11101,-1,45,8,-1
11102,-1,45,1,-1
11103,-1,45,3,-1
11104,-1,45,17,-1
11105,-1,45,3,-1
11106,-1,45,-1,-1
11107,-1,45,5,-1
11108,-1,45,-1,-1
11109,-1,45,-1,-1
11110,-1,45,6,-1
11111,-1,45,-1,-1
11112,-1,45,5,-1
11113,-1,45,2,-1
11114,-1,45,7,-1
11115,-1,45,1,-1
11116,-1,45,14,-1
11117,-1,45,-1,-1
11118,-1,45,2,-1
11119,-1,45,-1,-1
11120,-1,45,-1,-1
11121,-1,45,-1,-1
11122,-1,45,1,-1
11123,-1,45,1,-1
11124,-1,45,1,-1
11125,-1,45,11,-1
11126,-1,45,16,-1
11127,-1,45,1,-1
11128,-1,45,1,-1
11129,-1,45,1,-1
11130,-1,45,1,-1
11131,-1,45,-1,-1
11132,-1,45,-1,-1
11134,-1,45,-1,-1
11135,-1,45,1,-1
11136,-1,45,3,-1
11137,-1,45,-1,-1
11138,-1,45,19,-1
11139,-1,45,1,-1
11140,-1,45,1,-1
11141,-1,45,16,-1
11142,-1,46,3,-1
11143,-1,46,6,-1
11144,-1,44,2,-1
11145,-1,46,4,-1
11146,-1,46,1,-1
11147,-1,44,3,-1
11148,-1,46,4,-1
11149,-1,46,-1,-1
11150,-1,44,-1,-1
11151,-1,46,5,-1
11153,-1,46,3,-1
11154,-1,46,10,-1
11155,-1,44,1,-1
11156,-1,44,3,-1
11157,-1,44,6,-1
11158,-1,44,2,-1
11159,-1,46,4,-1
11160,-1,44,3,-1
11161,-1,46,2,-1
11163,-1,46,-1,-1
11164,-1,44,-1,-1
11165,-1,44,6,-1
11166,-1,46,3,-1
11167,-1,46,1,-1
11168,-1,46,-1,-1
11169,-1,46,-1,-1
11170,-1,46,-1,-1
11171,-1,46,2,-1
11172,-1,46,-1,-1
11173,-1,46,2,-1
11174,-1,46,2,-1
11175,-1,46,1,-1
11176,-1,46,-1,-1
11179,-1,44,4,-1
11180,-1,44,1,-1
11181,-1,45,1,-1
11182,-1,45,-1,-1
11183,-1,44,1,-1
11184,-1,46,-1,-1
11185,-1,44,-1,-1
11186,-1,44,4,-1
11187,-1,46,7,-1
11188,-1,44,3,-1
11189,-1,46,4,-1
11190,-1,45,5,-1
11191,-1,46,2,-1
11192,-1,44,2,-1
11193,-1,44,3,-1
11194,-1,44,2,-1
11196,-1,44,16,-1
11197,-1,46,-1,-1
11198,-1,46,8,-1
11199,-1,44,5,-1
11200,-1,45,-1,-1
11201,-1,44,2,-1
11202,-1,44,2,-1
11203,-1,46,-1,-1
11204,-1,46,1,-1
11205,-1,46,1,-1
11206,-1,44,-1,-1
11207,-1,45,4,-1
11208,-1,45,1,-1
11209,-1,46,-1,-1
11210,-1,46,1,-1
11211,-1,45,3,-1
11212,-1,45,-1,-1
11213,-1,46,-1,-1
11214,-1,46,-1,-1
11215,-1,44,22,-1
11216,-1,46,1,-1
11219,-1,44,6,-1
11220,-1,44,4,-1
11221,-1,45,4,-1
11222,-1,45,-1,-1
11223,-1,45,2,-1
11224,-1,44,1,-1
11225,-1,45,5,-1
11226,-1,45,-1,-1
11227,-1,44,1,-1
11228,-1,44,17,-1
11229,-1,44,2,-1
11230,-1,45,-1,-1
11232,-1,45,2,-1
11233,-1,45,3,-1
11234,-1,45,2,-1
11235,-1,45,-1,-1
11236,-1,45,-1,-1
11237,-1,45,5,-1
11238,-1,44,3,-1
11239,-1,45,4,-1
11240,-1,44,-1,-1
11241,-1,45,5,-1
11242,-1,45,-1,-1
11243,-1,45,3,-1
11244,-1,45,1,-1
11245,-1,45,-1,-1
11246,-1,45,-1,-1
11247,-1,45,-1,-1
11248,-1,44,3,-1
11249,-1,45,3,-1
11250,-1,45,-1,-1
11251,-1,45,4,-1
11252,-1,45,1,-1
11253,-1,45,-1,-1
11254,-1,45,-1,-1
11255,-1,45,-1,-1
11256,-1,45,-1,-1
11257,-1,45,1,-1
11259,-1,44,21,-1
11260,-1,44,-1,-1
11262,-1,44,3,-1
11263,-1,44,-1,-1
11265,-1,44,-1,-1
11266,-1,44,-1,-1
11267,-1,44,1,-1
11268,-1,44,-1,-1
11269,-1,44,-1,-1
11270,-1,44,1,-1
11271,-1,44,14,-1
11272,-1,44,-1,-1
11273,-1,44,17,-1
11274,-1,44,-1,-1
11275,-1,44,1,-1
11276,-1,44,2,-1
11277,-1,44,6,-1
11278,-1,44,7,-1
11279,-1,44,-1,-1
11280,-1,44,1,-1
11281,-1,44,-1,-1
11282,-1,44,-1,-1
11284,-1,44,-1,-1
11285,-1,44,5,-1
11286,-1,44,-1,-1
11288,-1,44,2,-1
11289,-1,44,-1,-1
11290,-1,44,1,-1
11291,-1,44,-1,-1
11292,-1,44,16,-1
11293,-1,44,13,-1
11294,-1,44,-1,-1
11295,-1,44,13,-1
11297,-1,44,1,-1
11298,-1,44,-1,-1
11300,-1,44,-1,-1
11301,-1,44,-1,-1
11302,-1,44,-1,-1
11304,-1,44,-1,-1
11305,-1,44,3,-1
11306,-1,44,2,-1
11307,-1,44,-1,-1
11308,-1,44,-1,-1
11309,-1,44,1,-1
11310,-1,44,2,-1
11311,-1,44,2,-1
11312,-1,44,-1,-1
11313,-1,44,19,-1
11314,-1,44,-1,-1
11315,-1,44,1,-1
11316,-1,44,2,-1
11317,-1,44,-1,-1
11318,-1,44,-1,-1
11319,-1,44,-1,-1
11320,-1,44,13,-1
11321,-1,44,5,-1
11322,-1,44,-1,-1
11324,-1,44,-1,-1
11325,-1,44,-1,-1
11326,-1,44,-1,-1
11327,-1,44,2,-1
11328,-1,44,-1,-1
11329,-1,44,2,-1
11330,-1,44,27,-1
11331,-1,44,-1,-1
11332,-1,44,-1,-1
11333,-1,44,-1,-1
11334,-1,44,-1,-1
11335,-1,44,-1,-1
11336,-1,44,1,-1
11337,-1,44,-1,-1
11338,-1,44,1,-1
11339,-1,44,-1,-1
11340,-1,44,4,-1
11341,-1,44,19,-1
11342,-1,44,-1,-1
11343,-1,44,-1,-1
11345,-1,44,-1,-1
11346,-1,44,-1,-1
11347,-1,44,2,-1
11348,-1,44,-1,-1
11349,-1,44,-1,-1
11350,-1,45,7,-1
11352,-1,98,-1,-1
11353,-1,98,2,-1
11354,-1,98,4,-1
11355,-1,98,7,-1
11356,-1,98,3,-1
11357,-1,98,2,-1
11358,-1,98,2,-1
11359,-1,98,4,-1
11360,-1,98,3,-1
11361,-1,98,-1,-1
11362,-1,98,3,-1
11363,-1,98,2,-1
11364,-1,98,31,-1
11365,-1,98,8,-1
11366,-1,98,3,-1
11367,-1,98,27,-1
11368,-1,97,2,-1
11369,-1,98,-1,-1
11371,-1,98,-1,-1
11372,-1,98,-1,-1
11373,-1,98,2,-1
11374,-1,98,7,-1
11375,-1,98,-1,-1
11376,-1,98,4,-1
11377,-1,98,1,-1
11378,-1,36,-1,-1
11379,-1,98,5,-1
11380,-1,98,2,-1
11381,-1,98,3,-1
11382,-1,98,-1,-1
11383,-1,98,23,-1
11384,-1,98,-1,-1
11385,-1,98,8,-1
11386,-1,98,17,-1
11387,-1,98,12,-1
11388,-1,98,-1,-1
11389,-1,98,10,-1
11390,-1,98,-1,-1
11391,-1,98,-1,-1
11392,-1,98,-1,-1
11393,-1,98,3,-1
11394,-1,98,1,-1
11395,-1,98,4,-1
11396,-1,98,5,-1
11397,-1,98,6,-1
11398,-1,98,7,-1
11399,-1,98,27,-1
11400,-1,98,10,-1
11401,-1,98,24,-1
11402,-1,98,2,-1
11403,-1,98,5,-1
11404,-1,98,3,-1
11405,-1,97,9,-1
11406,-1,98,16,-1
11407,-1,98,2,-1
11408,-1,98,9,-1
11409,-1,98,5,-1
11410,-1,98,5,-1
11411,-1,98,6,-1
11412,-1,98,10,-1
11413,-1,98,9,-1
11414,-1,98,1,-1
11415,-1,98,-1,-1
11416,-1,98,16,-1
11417,-1,98,10,-1
11418,-1,98,1,-1
11419,-1,98,-1,-1
11420,-1,98,2,-1
11421,-1,98,1,-1
11422,-1,98,1,-1
11423,-1,98,-1,-1
11424,-1,98,1,-1
11425,-1,98,2,-1
11426,-1,98,-1,-1
11427,-1,98,1,-1
11428,-1,98,2,-1
11429,-1,98,2,-1
11430,-1,98,1,-1
11431,-1,98,1,-1
11432,-1,98,1,-1
11433,-1,98,5,-1
11434,-1,98,15,-1
11435,-1,98,-1,-1
11436,-1,98,5,-1
11437,-1,98,4,-1
11438,-1,98,3,-1
11439,-1,96,-1,-1
11440,-1,98,7,-1
11441,-1,98,10,-1
11442,-1,98,10,-1
11443,-1,98,5,-1
11444,-1,98,26,-1
11445,-1,98,12,-1
11446,-1,98,-1,-1
11447,-1,98,5,-1
11448,-1,98,7,-1
11449,-1,98,9,-1
11450,-1,97,4,-1
11451,-1,98,21,-1
11452,-1,98,7,-1
11453,-1,98,1,-1
11454,-1,98,4,-1
11455,-1,98,3,-1
11456,-1,98,-1,-1
11457,-1,98,7,-1
11458,-1,98,12,-1
11459,-1,98,-1,-1
11460,-1,98,12,-1
11461,-1,98,3,-1
11462,-1,98,4,-1
11463,-1,98,2,-1
11464,-1,98,3,-1
11465,-1,98,24,-1
11466,-1,98,2,-1
11467,-1,98,3,-1
11468,-1,98,10,-1
11469,-1,98,8,-1
11470,-1,98,4,-1
11471,-1,98,1,-1
11472,-1,98,20,-1
11473,-1,98,7,-1
11474,-1,98,1,-1
11475,-1,98,13,-1
11476,-1,98,8,-1
11477,-1,98,-1,-1
11478,-1,98,6,-1
11479,-1,98,-1,-1
11480,-1,98,4,-1
11481,-1,98,3,-1
11482,-1,98,5,-1
11483,-1,98,3,-1
11484,-1,98,21,-1
11485,-1,98,2,-1
11486,-1,98,3,-1
11487,-1,98,5,-1
11488,-1,98,1,-1
11489,-1,98,3,-1
11490,-1,98,17,-1
11491,-1,97,11,-1
11492,-1,97,11,-1
11493,-1,98,9,-1
11494,-1,98,-1,-1
11495,-1,98,30,-1
11496,-1,97,12,-1
11497,-1,98,12,-1
11498,-1,98,-1,-1
11499,-1,98,3,-1
11500,-1,98,7,-1
11501,-1,98,3,-1
11502,-1,97,3,-1
11503,-1,98,1,-1
11504,-1,98,2,-1
11505,-1,98,2,-1
11506,-1,98,2,-1
11507,-1,98,1,-1
11508,-1,98,-1,-1
11509,-1,98,-1,-1
11510,-1,98,1,-1
11511,-1,98,28,-1
11512,-1,98,-1,-1
11513,-1,98,-1,-1
11514,-1,98,1,-1
11515,-1,98,-1,-1
11516,-1,98,1,-1
11517,-1,98,8,-1
11518,-1,98,1,-1
11519,-1,98,-1,-1
11520,-1,98,-1,-1
11521,-1,98,-1,-1
11522,-1,98,3,-1
11523,-1,98,5,-1
11524,-1,98,4,-1
11525,-1,98,-1,-1
11526,-1,98,14,-1
11527,-1,98,1,-1
11528,-1,98,9,-1
11529,-1,98,3,-1
11530,-1,98,3,-1
11531,-1,98,6,-1
11532,-1,98,2,-1
11534,-1,98,5,-1
11535,-1,98,41,-1
11536,-1,98,5,-1
11537,-1,98,3,-1
11538,-1,98,1,-1
11539,-1,98,4,-1
11540,-1,98,-1,-1
11541,-1,98,-1,-1
11542,-1,98,2,-1
11543,-1,98,2,-1
11544,-1,98,2,-1
11545,-1,98,5,-1
11546,-1,98,2,-1
11547,-1,98,1,-1
11548,-1,98,2,-1
11549,-1,98,-1,-1
11550,-1,98,-1,-1
11551,-1,98,2,-1
11552,-1,98,1,-1
11553,-1,98,14,-1
11554,-1,98,3,-1
11555,-1,98,25,-1
11556,-1,98,-1,-1
11557,-1,98,2,-1
11558,-1,98,8,-1
11559,-1,98,-1,-1
11560,-1,97,1,-1
11561,-1,98,4,-1
11562,-1,98,-1,-1
11563,-1,98,-1,-1
11564,-1,98,1,-1
11565,-1,98,-1,-1
11566,-1,98,6,-1
11567,-1,98,4,-1
11568,-1,98,3,-1
11569,-1,98,4,-1
11570,-1,98,18,-1
11571,-1,97,-1,-1
11572,-1,98,3,-1
11573,-1,98,4,-1
11574,-1,97,7,-1
11575,-1,36,-1,-1
11576,-1,97,8,-1
11577,-1,97,20,-1
11579,-1,98,5,-1
11580,-1,98,5,-1
11581,-1,98,4,-1
11582,-1,97,8,-1
11583,-1,98,1,-1
11584,-1,95,5,-1
11585,-1,98,10,-1
11586,-1,98,7,-1
11587,-1,98,2,-1
11588,-1,98,-1,-1
11589,-1,98,14,-1
11590,-1,97,14,-1
11591,-1,98,2,-1
11592,-1,98,-1,-1
11593,-1,97,5,-1
11594,-1,98,1,-1
11595,-1,98,24,-1
11596,-1,98,1,-1
11597,-1,98,3,-1
11598,-1,98,-1,-1
11599,-1,98,3,-1
11600,-1,97,-1,-1
11601,-1,98,1,-1
11602,-1,98,25,-1
11604,-1,97,-1,-1
11605,-1,98,1,-1
11606,-1,98,1,-1
11607,-1,87,-1,-1
11608,-1,98,4,-1
11609,-1,98,-1,-1
11610,-1,98,2,-1
11611,-1,97,6,-1
11612,-1,97,13,-1
11613,-1,97,3,-1
11614,-1,98,3,-1
11615,-1,98,1,-1
11616,-1,97,2,-1
11617,-1,98,15,-1
11618,-1,98,3,-1
11619,-1,97,9,-1
11620,-1,97,5,-1
11621,-1,97,9,-1
11622,-1,98,18,-1
11623,-1,98,4,-1
11624,-1,98,2,-1
11625,-1,97,6,-1
11626,-1,97,8,-1
11627,-1,97,-1,-1
11628,-1,97,-1,-1
11629,-1,98,2,-1
11630,-1,97,1,-1
11631,-1,98,5,-1
11632,-1,98,1,-1
11633,-1,98,-1,-1
11634,-1,98,7,-1
11635,-1,98,1,-1
11636,-1,98,2,-1
11637,-1,98,1,-1
11638,-1,98,-1,-1
11639,-1,98,17,-1
11640,-1,98,-1,-1
11641,-1,98,-1,-1
11642,-1,98,-1,-1
11643,-1,98,-1,-1
11644,-1,98,5,-1
11645,-1,98,2,-1
11646,-1,98,2,-1
11647,-1,98,2,-1
11648,-1,98,1,-1
11649,-1,97,2,-1
11650,-1,98,2,-1
11651,-1,98,-1,-1
11652,-1,97,-1,-1
11653,-1,97,2,-1
11654,-1,98,11,-1
11655,-1,98,7,-1
11656,-1,97,3,-1
11657,-1,97,9,-1
11658,-1,97,4,-1
11659,-1,98,5,-1
11660,-1,98,24,-1
11661,-1,98,12,-1
11662,-1,97,2,-1
11663,-1,98,12,-1
11665,-1,98,3,-1
11666,-1,98,3,-1
11667,-1,97,1,-1
11668,-1,98,5,-1
11669,-1,98,11,-1
11670,-1,98,1,-1
11671,-1,98,3,-1
11672,-1,98,-1,-1
11673,-1,98,1,-1
11674,-1,98,11,-1
11675,-1,98,1,-1
11676,-1,98,1,-1
11677,-1,98,3,-1
11678,-1,98,1,-1
11679,-1,98,4,-1
11680,-1,98,4,-1
11681,-1,98,7,-1
11682,-1,98,2,-1
11683,-1,97,-1,-1
11684,-1,98,2,-1
11685,-1,98,6,-1
11686,-1,98,2,-1
11687,-1,98,-1,-1
11688,-1,98,3,-1
11689,-1,97,-1,-1
11690,-1,98,2,-1
11691,-1,97,1,-1
11692,-1,98,1,-1
11693,-1,97,3,-1
11694,-1,98,22,-1
11695,-1,16,-1,-1
11696,-1,98,1,-1
11697,-1,98,6,-1
11698,-1,98,1,-1
11699,-1,97,5,-1
11700,-1,97,1,-1
11701,-1,98,2,-1
11702,-1,98,-1,-1
11703,-1,97,1,-1
11704,-1,97,1,-1
11705,-1,98,2,-1
11706,-1,97,2,-1
11707,-1,97,25,-1
11708,-1,98,-1,-1
11709,-1,98,8,-1
11710,-1,98,2,-1
11711,-1,98,-1,-1
11712,-1,98,26,-1
11713,-1,98,1,-1
11714,-1,98,2,-1
11715,-1,98,2,-1
11716,-1,98,4,-1
11717,-1,98,-1,-1
11718,-1,98,1,-1
11719,-1,98,6,-1
11720,-1,98,-1,-1
11721,-1,98,3,-1
11722,-1,98,2,-1
11723,-1,98,1,-1
11724,-1,98,-1,-1
11725,-1,36,1,-1
11726,-1,98,10,-1
11727,-1,97,-1,-1
11728,-1,98,3,-1
11729,-1,98,6,-1
11730,-1,98,8,-1
11731,-1,98,33,-1
11732,-1,98,28,-1
11733,-1,98,2,-1
11734,-1,98,27,-1
11735,-1,98,5,-1
11736,-1,98,10,-1
11737,-1,98,3,-1
11738,-1,98,20,-1
11739,-1,98,22,-1
11740,-1,97,11,-1
11741,-1,98,19,-1
11742,-1,98,21,-1
11743,-1,98,-1,-1
11744,-1,98,-1,-1
11745,-1,98,3,-1
11746,-1,97,3,-1
11747,-1,98,3,-1
11748,-1,98,1,-1
11749,-1,98,33,-1
11750,-1,98,1,-1
11751,-1,98,1,-1
11752,-1,98,-1,-1
11753,-1,98,-1,-1
11754,-1,36,17,-1
11755,-1,96,1,-1
11756,-1,98,-1,-1
11757,-1,98,4,-1
11758,-1,98,13,-1
11759,-1,98,4,-1
11760,-1,98,5,-1
11761,-1,98,2,-1
11762,-1,97,7,-1
11763,-1,98,-1,-1
11764,-1,98,3,-1
11765,-1,98,1,-1
11766,-1,98,22,-1
11767,-1,98,1,-1
11768,-1,98,3,-1
11769,-1,98,25,-1
11770,-1,98,3,-1
11771,-1,97,16,-1
11772,-1,98,-1,-1
11773,-1,98,16,-1
11774,-1,98,18,-1
11775,-1,98,2,-1
11776,-1,98,-1,-1
11777,-1,98,5,-1
11778,-1,98,3,-1
11779,-1,97,32,-1
11780,-1,98,2,-1
11781,-1,97,1,-1
11782,-1,98,5,-1
11783,-1,98,4,-1
11784,-1,98,-1,-1
11785,-1,98,6,-1
11786,-1,98,4,-1
11787,-1,98,2,-1
11788,-1,98,6,-1
11789,-1,98,1,-1
11790,-1,98,3,-1
11791,-1,98,1,-1
11792,-1,98,1,-1
11793,-1,98,2,-1
11794,-1,98,10,-1
11795,-1,98,-1,-1
11796,-1,98,-1,-1
11797,-1,98,1,-1
11798,-1,98,9,-1
11799,-1,98,10,-1
11800,-1,98,1,-1
11801,-1,98,1,-1
11802,-1,98,12,-1
11803,-1,98,5,-1
11804,-1,98,-1,-1
11805,-1,98,7,-1
11806,-1,97,1,-1
11807,-1,98,1,-1
11808,-1,98,-1,-1
11809,-1,98,4,-1
11810,-1,98,-1,-1
11811,-1,98,1,-1
11812,-1,97,3,-1
11813,-1,44,1,-1
11814,-1,45,1,-1
11815,-1,45,1,-1
11817,-1,45,-1,-1
11818,-1,-1,24,-1
11819,-1,-1,10,-1
11820,-1,-1,2,-1
11821,-1,-1,2,-1
11822,-1,-1,2,-1
11823,-1,-1,17,-1
11824,-1,-1,2,-1
11825,-1,-1,26,-1
11826,-1,-1,13,-1
11829,-1,-1,4,-1
11830,-1,-1,18,-1
11831,-1,-1,25,-1
11832,-1,-1,6,-1
11833,-1,-1,21,-1
11834,-1,-1,16,-1
11835,-1,-1,6,-1
11836,-1,-1,5,-1
11837,-1,-1,21,-1
11838,-1,-1,11,-1
11840,-1,-1,21,-1
11841,-1,-1,6,-1
11842,-1,-1,16,-1
11843,-1,-1,1,-1
11844,-1,-1,7,-1
11845,-1,-1,9,-1
11846,-1,-1,1,-1
11847,-1,-1,6,-1
11848,-1,-1,32,-1
11849,-1,-1,2,-1
11850,-1,-1,12,-1
11851,-1,-1,3,-1
11852,-1,-1,47,-1
11853,-1,-1,6,-1
11854,-1,-1,21,-1
11855,-1,-1,1,-1
11857,-1,-1,10,-1
11858,-1,-1,26,-1
11859,-1,-1,16,-1
11860,-1,-1,5,-1
11861,-1,-1,8,-1
11864,-1,-1,4,-1
11865,-1,-1,8,-1
11866,-1,-1,1,-1
11867,-1,-1,23,-1
11869,-1,-1,15,-1
11870,-1,-1,21,-1
11871,-1,-1,7,-1
11872,-1,-1,3,-1
11873,-1,-1,24,-1
11874,-1,-1,12,-1
11876,-1,150,1,-1
11877,-1,152,47,-1
11878,-1,150,15,-1
11879,-1,152,-1,-1
11880,-1,150,11,-1
11881,-1,152,41,-1
11882,-1,152,6,-1
11883,-1,150,15,-1
11884,-1,147,2,-1
11885,-1,150,17,-1
11886,-1,149,10,-1
11887,-1,152,32,-1
11888,-1,152,27,-1
11889,-1,150,19,-1
11890,-1,152,3,-1
11891,-1,152,30,-1
11893,-1,152,16,-1
11894,-1,152,1,-1
11895,-1,152,28,-1
11897,-1,152,7,-1
11898,-1,152,35,-1
11899,-1,152,8,-1
11900,-1,152,21,-1
11901,-1,150,2,-1
11902,-1,150,20,-1
11903,-1,152,6,-1
11904,-1,152,9,-1
11905,-1,152,4,-1
11906,-1,-1,178,-1
11908,-1,151,5,-1
11909,-1,150,5,-1
11910,-1,156,29,-1
11911,-1,156,-1,-1
11912,-1,145,3,-1
11913,-1,151,17,-1
11914,-1,150,15,-1
11915,-1,92,47,-1
11916,-1,151,10,-1
11917,-1,151,3,-1
11918,-1,155,1,-1
11919,-1,151,14,-1
11920,-1,151,-1,-1
11921,-1,150,-1,-1
11922,-1,151,2,-1
11923,-1,150,52,-1
11924,-1,151,6,-1
11925,-1,150,2,-1
11926,-1,151,1,-1
11927,-1,156,-1,-1
11928,-1,151,3,-1
11929,-1,151,6,-1
11930,-1,151,3,-1
11931,-1,151,4,-1
11932,-1,151,11,-1
11933,-1,150,-1,-1
11934,-1,151,-1,-1
11935,-1,150,14,-1
11936,-1,150,1,-1
11937,-1,150,4,-1
11938,-1,156,3,-1
11939,-1,151,14,-1
11940,-1,150,5,-1
11941,-1,151,2,-1
11942,-1,107,2,-1
11943,-1,151,6,-1
11944,-1,156,16,-1
11945,-1,38,4,-1
11946,-1,148,2,-1
11947,-1,150,27,-1
11948,-1,151,16,-1
11949,-1,149,2,-1
11950,-1,151,11,-1
11951,-1,151,1,-1
11952,-1,150,3,-1
11953,-1,151,5,-1
11954,-1,150,8,-1
11955,-1,151,3,-1
11956,-1,151,28,-1
11957,-1,151,5,-1
11958,-1,150,4,-1
11959,-1,157,1,-1
11960,-1,151,-1,-1
11961,-1,151,21,-1
11962,-1,151,37,-1
11963,-1,151,35,-1
11964,-1,150,11,-1
11965,-1,151,4,-1
11966,-1,150,3,-1
11967,-1,151,24,-1
11968,-1,151,4,-1
11969,-1,151,8,-1
11970,-1,151,26,-1
11971,-1,151,3,-1
11972,-1,151,3,-1
11973,-1,149,22,-1
11974,-1,151,2,-1
11975,-1,151,2,-1
11976,-1,151,3,-1
11977,-1,151,4,-1
11978,-1,151,23,-1
11979,-1,151,36,-1
11980,-1,150,7,-1
11981,-1,151,11,-1
11982,-1,151,28,-1
11983,-1,151,10,-1
11984,-1,150,30,-1
11985,-1,150,40,-1
11986,-1,151,2,-1
11987,-1,151,3,-1
11988,-1,150,8,-1
11989,-1,150,2,-1
11990,-1,150,33,-1
11991,-1,150,-1,-1
11992,-1,150,4,-1
11993,-1,151,27,-1
11994,-1,151,3,-1
11995,-1,150,23,-1
11996,-1,150,2,-1
11997,-1,151,2,-1
11998,-1,151,27,-1
11999,-1,151,1,-1
12000,-1,151,22,-1
12001,-1,150,19,-1
12002,-1,151,23,-1
12004,-1,150,1,-1
12005,-1,151,9,-1
12006,-1,151,3,-1
12007,-1,151,32,-1
12008,-1,150,5,-1
12009,-1,150,6,-1
12010,-1,151,25,-1
12011,-1,151,25,-1
12012,-1,151,31,-1
12013,-1,151,17,-1
12015,-1,151,51,-1
12016,-1,150,29,-1
12017,-1,150,10,-1
12018,-1,151,4,-1
12019,-1,151,-1,-1
12020,-1,150,-1,-1
12021,-1,150,-1,-1
12022,-1,149,26,-1
12023,-1,150,36,-1
12024,-1,150,26,-1
12025,-1,151,18,-1
12026,-1,151,17,-1
12027,-1,151,3,-1
12028,-1,150,12,-1
12029,-1,151,28,-1
12030,-1,151,1,-1
12031,-1,147,6,-1
12032,-1,151,15,-1
12033,-1,150,30,-1
12034,-1,151,30,-1
12035,-1,151,24,-1
12036,-1,151,17,-1
12037,-1,150,23,-1
12038,-1,150,6,-1
12039,-1,155,31,-1
12040,-1,157,42,-1
12041,-1,46,7,-1
12042,-1,152,4,-1
12043,-1,155,24,-1
12044,-1,152,45,-1
12045,-1,146,57,-1
12046,-1,146,39,-1
12047,-1,158,25,-1
12048,-1,158,-1,-1
12049,-1,156,1,-1
12050,-1,157,13,-1
12051,-1,152,48,-1
12052,-1,157,41,-1
12053,-1,38,10,-1
12054,-1,157,29,-1
12055,-1,152,38,-1
12056,-1,157,32,-1
12057,-1,151,23,-1
12058,-1,156,5,-1
12059,-1,157,29,-1
12060,-1,145,1,-1
12061,-1,157,8,-1
12062,-1,157,8,-1
12063,-1,151,27,-1
12064,-1,157,25,-1
12065,-1,152,19,-1
12066,-1,150,47,-1
12067,-1,154,34,-1
12068,-1,157,33,-1
12069,-1,150,43,-1
12070,-1,157,8,-1
12071,-1,150,27,-1
12072,-1,157,58,-1
12073,-1,152,27,-1
12074,-1,157,26,-1
12075,-1,158,26,-1
12076,-1,157,41,-1
12077,-1,156,29,-1
12078,-1,157,26,-1
12079,-1,149,4,-1
12080,-1,157,5,-1
12081,-1,43,-1,-1
12082,-1,155,27,-1
12083,-1,150,35,-1
12084,-1,150,3,-1
12085,-1,152,27,-1
12086,-1,154,33,-1
12087,-1,46,2,-1
12088,-1,150,22,-1
12089,-1,43,-1,-1
12090,-1,97,3,-1
12091,-1,152,-1,-1
12092,-1,152,32,-1
12093,-1,152,1,-1
12094,-1,152,4,-1
12095,-1,155,33,-1
12096,-1,152,33,-1
12097,-1,157,21,-1
12098,-1,152,-1,-1
12099,-1,157,19,-1
12100,-1,155,-1,-1
12101,-1,152,52,-1
12102,-1,156,4,-1
12103,-1,157,5,-1
12104,-1,148,44,-1
12105,-1,157,20,-1
12106,-1,157,25,-1
12107,-1,152,1,-1
12108,-1,101,-1,-1
12109,-1,152,12,-1
12110,-1,150,30,-1
12111,-1,150,10,-1
12112,-1,157,10,-1
12113,-1,152,23,-1
12114,-1,157,3,-1
12115,-1,152,47,-1
12116,-1,150,7,-1
12117,-1,150,2,-1
12118,-1,157,26,-1
12119,-1,157,30,-1
12120,-1,157,37,-1
12121,-1,152,9,-1
12122,-1,152,29,-1
12123,-1,152,13,-1
12124,-1,150,44,-1
12125,-1,152,10,-1
12126,-1,157,9,-1
12127,-1,150,7,-1
12128,-1,150,20,-1
12129,-1,151,17,-1
12130,-1,152,41,-1
12131,-1,155,1,-1
12132,-1,158,1,-1
12133,-1,158,28,-1
12134,-1,149,32,-1
12135,-1,151,-1,-1
12136,-1,152,29,-1
12137,-1,152,30,-1
12138,-1,150,4,-1
12139,-1,157,3,-1
12140,-1,157,22,-1
12141,-1,152,30,-1
12142,-1,158,13,-1
12143,-1,157,4,-1
12144,-1,157,8,-1
12145,-1,152,-1,-1
12146,-1,156,22,-1
12148,-1,157,1,-1
12149,-1,156,2,-1
12150,-1,155,8,-1
12151,-1,157,22,-1
12152,-1,157,1,-1
12153,-1,157,2,-1
12154,-1,157,4,-1
12155,-1,156,12,-1
12157,-1,151,1,-1
12158,-1,155,3,-1
12159,-1,156,36,-1
12160,-1,151,15,-1
12161,-1,150,1,-1
12162,-1,157,1,-1
12163,-1,157,13,-1
12164,-1,151,6,-1
12165,-1,150,1,-1
12166,-1,156,1,-1
12167,-1,150,-1,-1
12168,-1,151,10,-1
12169,-1,156,1,-1
12170,-1,156,2,-1
12171,-1,156,2,-1
12172,-1,156,27,-1
12173,-1,151,4,-1
12174,-1,151,10,-1
12175,-1,150,1,-1
12176,-1,157,3,-1
12177,-1,156,8,-1
12178,-1,157,5,-1
12179,-1,151,8,-1
12180,-1,155,-1,-1
12181,-1,151,7,-1
12182,-1,149,23,-1
12183,-1,156,1,-1
12184,-1,150,2,-1
12185,-1,156,1,-1
12186,-1,157,-1,-1
12187,-1,101,-1,-1
12188,-1,155,46,-1
12189,-1,157,16,-1
12190,-1,157,8,-1
12191,-1,151,-1,-1
12192,-1,150,11,-1
12193,-1,156,14,-1
12194,-1,156,1,-1
12195,-1,157,6,-1
12196,-1,157,3,-1
12197,-1,151,3,-1
12198,-1,151,-1,-1
12199,-1,157,9,-1
12200,-1,156,11,-1
12201,-1,151,3,-1
12202,-1,151,-1,-1
12203,-1,151,-1,-1
12204,-1,150,5,-1
12205,-1,157,-1,-1
12206,-1,150,4,-1
12207,-1,148,2,-1
12208,-1,151,7,-1
12209,-1,156,-1,-1
12210,-1,156,-1,-1
12211,-1,157,3,-1
12212,-1,151,12,-1
12213,-1,151,-1,-1
12214,-1,151,-1,-1
12215,-1,151,1,-1
12216,-1,151,2,-1
12217,-1,151,1,-1
12218,-1,155,15,-1
12219,-1,151,3,-1
12220,-1,156,27,-1
12221,-1,151,3,-1
12222,-1,156,25,-1
12223,-1,151,6,-1
12224,-1,151,30,-1
12225,-1,101,27,-1
12226,-1,150,4,-1
12227,-1,151,1,-1
12228,-1,38,14,-1
12229,-1,151,7,-1
12230,-1,155,43,-1
12231,-1,156,3,-1
12232,-1,147,28,-1
12233,-1,151,3,-1
12234,-1,156,5,-1
12235,-1,150,5,-1
12236,-1,150,3,-1
12237,-1,151,3,-1
12238,-1,156,5,-1
12239,-1,157,4,-1
12240,-1,150,18,-1
12241,-1,155,-1,-1
12242,-1,151,22,-1
12243,-1,150,12,-1
12244,-1,151,3,-1
12245,-1,147,6,-1
12246,-1,151,3,-1
12247,-1,151,7,-1
12248,-1,150,9,-1
12249,-1,155,42,-1
12250,-1,157,15,-1
12251,-1,156,27,-1
12252,-1,151,30,-1
12253,-1,151,21,-1
12254,-1,156,42,-1
12255,-1,101,2,-1
12256,-1,151,17,-1
12257,-1,151,28,-1
12258,-1,150,30,-1
12259,-1,156,-1,-1
12260,-1,151,25,-1
12261,-1,150,28,-1
12262,-1,151,16,-1
12263,-1,156,18,-1
12264,-1,150,21,-1
12265,-1,156,2,-1
12266,-1,156,-1,-1
12268,-1,157,2,-1
12269,-1,151,26,-1
12270,-1,151,19,-1
12271,-1,156,34,-1
12272,-1,151,26,-1
12273,-1,157,3,-1
12274,-1,150,2,-1
12275,-1,157,31,-1
12276,-1,150,1,-1
12277,-1,151,6,-1
12278,-1,154,13,-1
12279,-1,151,23,-1
12280,-1,151,23,-1
12281,-1,156,18,-1
12282,-1,147,1,-1
12283,-1,151,30,-1
12284,-1,151,29,-1
12285,-1,151,-1,-1
12286,-1,150,32,-1
12287,-1,150,35,-1
12288,-1,149,21,-1
12289,-1,151,25,-1
12290,-1,157,-1,-1
12291,-1,151,30,-1
12292,-1,151,-1,-1
12293,-1,151,4,-1
12294,-1,151,23,-1
12295,-1,38,-1,-1
12296,-1,151,2,-1
12297,-1,151,11,-1
12298,-1,151,3,-1
12300,-1,-1,16,-1
12301,-1,-1,16,-1
12302,-1,-1,6,-1
12303,-1,-1,1,-1
12304,-1,-1,9,-1
12305,-1,-1,5,-1
12306,-1,-1,26,-1
12307,-1,-1,12,-1
12308,-1,-1,5,-1
12309,-1,-1,11,-1
12310,-1,-1,12,-1
12311,-1,-1,11,-1
12312,-1,-1,21,-1
12313,-1,-1,5,-1
12314,-1,-1,15,-1
12315,-1,-1,5,-1
12316,-1,-1,22,-1
12317,-1,-1,5,-1
12318,-1,-1,23,-1
12319,-1,-1,6,-1
12320,-1,-1,15,-1
12321,-1,-1,12,-1
12322,-1,-1,20,-1
12323,-1,-1,21,-1
12324,-1,-1,24,-1
12325,-1,-1,2,-1
12326,-1,-1,2,-1
12327,-1,-1,4,-1
12328,-1,-1,2,-1
12329,-1,-1,3,-1
12330,-1,-1,1,-1
12332,-1,-1,16,-1
12333,-1,-1,11,-1
12334,-1,-1,14,-1
12335,-1,-1,11,-1
12336,-1,-1,25,-1
12337,-1,-1,1,-1
12338,-1,-1,30,-1
12339,-1,-1,4,-1
12340,-1,-1,18,-1
12341,-1,-1,3,-1
12342,-1,-1,35,-1
12343,-1,-1,22,-1
12344,-1,-1,21,-1
12345,-1,-1,4,-1
12346,-1,-1,20,-1
12347,-1,-1,12,-1
12348,-1,-1,14,-1
12349,-1,-1,18,-1
12350,-1,-1,2,-1
12351,-1,152,18,-1
12352,-1,38,1,-1
12353,-1,152,-1,-1
12354,-1,38,16,-1
12355,-1,150,4,-1
12356,-1,150,4,-1
12357,-1,106,7,-1
12358,-1,152,3,-1
12359,-1,150,25,-1
12360,-1,150,8,-1
12361,-1,150,10,-1
12362,-1,151,4,-1
12363,-1,150,19,-1
12364,-1,150,2,-1
12365,-1,151,27,-1
12366,-1,148,17,-1
12367,-1,149,6,-1
12368,-1,151,26,-1
12369,-1,150,20,-1
12370,-1,151,2,-1
12371,-1,97,-1,-1
12372,-1,157,27,-1
12373,-1,157,32,-1
12374,-1,151,14,-1
12375,-1,150,28,-1
12376,-1,152,13,-1
12377,-1,151,25,-1
12422,-1,-1,34,-1
12423,-1,-1,4,-1
12424,-1,-1,9,-1
12425,-1,-1,6,-1
12426,-1,-1,22,-1
12427,-1,-1,7,-1
12428,-1,-1,20,-1
12429,-1,44,-1,-1
12430,-1,192,3,-1
12431,-1,224,-1,-1
12432,-1,192,-1,-1
12433,-1,192,1,-1
12434,-1,192,1,-1
12435,-1,192,-1,-1
12436,-1,193,-1,-1
12437,-1,192,-1,-1
12438,-1,192,-1,-1
12439,-1,192,3,-1
12440,-1,192,-1,-1
12441,-1,192,1,-1
12442,-1,192,-1,-1
12443,-1,192,-1,-1
12444,-1,191,2,-1
12445,-1,191,1,-1
12446,-1,187,5,-1
12447,-1,193,-1,-1
12448,-1,192,-1,-1
12449,-1,191,-1,-1
12450,-1,193,1,-1
12451,-1,192,1,-1
12452,-1,188,2,-1
12453,-1,190,-1,-1
12454,-1,193,-1,-1
12455,-1,192,-1,-1
12456,-1,192,-1,-1
12457,-1,192,-1,-1
12458,-1,193,3,-1
12459,-1,192,1,-1
12460,-1,192,-1,-1
12461,-1,192,-1,-1
12462,-1,192,1,-1
12463,-1,191,1,-1
12464,-1,192,-1,-1
12465,-1,192,1,-1
12466,-1,192,-1,-1
12467,-1,193,2,-1
12468,-1,189,-1,-1
12469,-1,192,3,-1
12470,-1,267,16,-1
12471,-1,192,2,-1
12472,-1,23,-1,-1
12473,-1,192,7,-1
12474,-1,192,1,-1
12475,-1,192,3,-1
12476,-1,192,1,-1
12477,-1,192,1,-1
12478,-1,184,4,-1
12479,-1,192,2,-1
12480,-1,189,-1,-1
12481,-1,192,-1,-1
12482,-1,191,1,-1
12483,-1,192,-1,-1
12484,-1,191,2,-1
12485,-1,191,1,-1
12486,-1,189,-1,-1
12487,-1,192,4,-1
12488,-1,191,2,-1
12489,-1,191,3,-1
12490,-1,191,2,-1
12491,-1,191,2,-1
12492,-1,191,3,-1
12493,-1,191,-1,-1
12494,-1,192,1,-1
12495,-1,191,3,-1
12496,-1,191,3,-1
12497,-1,191,1,-1
12498,-1,191,1,-1
12499,-1,191,1,-1
12500,-1,191,1,-1
12501,-1,190,3,-1
12502,-1,191,2,-1
12503,-1,191,2,-1
12504,-1,190,-1,-1
12505,-1,191,1,-1
12506,-1,190,3,-1
12507,-1,191,2,-1
12508,-1,191,12,-1
12509,-1,191,3,-1
12510,-1,191,4,-1
12511,-1,191,-1,-1
12512,-1,192,2,-1
12513,-1,191,2,-1
12514,-1,191,2,-1
12515,-1,192,2,-1
12516,-1,191,5,-1
12517,-1,191,1,-1
12518,-1,191,2,-1
12519,-1,191,3,-1
12520,-1,191,5,-1
12521,-1,191,1,-1
12522,-1,191,1,-1
12523,-1,191,1,-1
12524,-1,191,7,-1
12525,-1,191,5,-1
12526,-1,191,4,-1
12527,-1,191,3,-1
12528,-1,191,1,-1
12529,-1,191,2,-1
12530,-1,191,2,-1
12531,-1,187,1,-1
12532,-1,188,3,-1
12533,-1,191,3,-1
12534,-1,190,-1,-1
12535,-1,192,4,-1
12536,-1,165,5,-1
12537,-1,165,1,-1
12538,-1,166,2,-1
12539,-1,165,-1,-1
12540,-1,165,2,-1
12541,-1,166,1,-1
12542,-1,165,2,-1
12543,-1,54,3,-1
12544,-1,165,-1,-1
12545,-1,165,-1,-1
12546,-1,166,1,-1
12547,-1,165,5,-1
12548,-1,165,16,-1
12549,-1,166,-1,-1
12550,-1,164,1,-1
12551,-1,166,1,-1
12552,-1,165,1,-1
12553,-1,165,-1,-1
12554,-1,165,7,-1
12555,-1,165,1,-1
12556,-1,165,13,-1
12557,-1,164,3,-1
12558,-1,165,2,-1
12559,-1,165,1,-1
12560,-1,165,-1,-1
12561,-1,166,1,-1
12562,-1,166,-1,-1
12563,-1,166,3,-1
12564,-1,166,1,-1
12565,-1,165,3,-1
12566,-1,165,9,-1
12567,-1,166,3,-1
12568,-1,165,1,-1
12569,-1,166,-1,-1
12570,-1,166,1,-1
12571,-1,164,10,-1
12572,-1,166,1,-1
12573,-1,165,-1,-1
12574,-1,165,2,-1
12575,-1,165,2,-1
12576,-1,166,1,-1
12577,-1,162,30,-1
12578,-1,165,-1,-1
12579,-1,165,1,-1
12580,-1,165,-1,-1
12581,-1,164,1,-1
12582,-1,165,1,-1
12583,-1,165,8,-1
12584,-1,165,-1,-1
12585,-1,165,-1,-1
12586,-1,166,5,-1
12587,-1,166,1,-1
12588,-1,165,-1,-1
12589,-1,166,-1,-1
12590,-1,166,-1,-1
12591,-1,165,-1,-1
12592,-1,166,-1,-1
12593,-1,166,-1,-1
12594,-1,165,-1,-1
12595,-1,166,1,-1
12596,-1,164,-1,-1
12597,-1,166,1,-1
12598,-1,165,1,-1
12599,-1,166,2,-1
12600,-1,166,3,-1
12601,-1,166,3,-1
12602,-1,165,-1,-1
12603,-1,166,1,-1
12604,-1,165,2,-1
12605,-1,166,2,-1
12606,-1,165,-1,-1
12607,-1,58,2,-1
12608,-1,166,-1,-1
12609,-1,166,-1,-1
12610,-1,166,3,-1
12611,-1,166,10,-1
12612,-1,166,-1,-1
12613,-1,165,1,-1
12614,-1,166,1,-1
12615,-1,166,-1,-1
12616,-1,166,-1,-1
12617,-1,166,1,-1
12618,-1,164,1,-1
12619,-1,166,-1,-1
12620,-1,166,1,-1
12621,-1,166,1,-1
12622,-1,166,-1,-1
12623,-1,166,2,-1
12625,-1,166,2,-1
12626,-1,166,7,-1
12627,-1,166,1,-1
12628,-1,166,3,-1
12629,-1,164,7,-1
12630,-1,163,3,-1
12631,-1,165,6,-1
12632,-1,166,3,-1
12633,-1,165,1,-1
12634,-1,166,1,-1
12635,-1,165,1,-1
12636,-1,165,3,-1
12637,-1,165,4,-1
12638,-1,165,1,-1
12639,-1,166,4,-1
12640,-1,166,-1,-1
12641,-1,166,3,-1
12642,-1,166,-1,-1
12643,-1,166,1,-1
12645,-1,166,2,-1
12646,-1,165,2,-1
12647,-1,166,2,-1
12648,-1,165,1,-1
12649,-1,164,-1,-1
12650,-1,165,-1,-1
12651,-1,165,1,-1
12652,-1,165,1,-1
12653,-1,165,2,-1
12654,-1,67,3,-1
12655,-1,165,2,-1
12656,-1,166,3,-1
12657,-1,165,-1,-1
12658,-1,165,1,-1
12659,-1,165,1,-1
12660,-1,166,2,-1
12661,-1,165,1,-1
12662,-1,166,-1,-1
12663,-1,166,-1,-1
12664,-1,165,2,-1
12665,-1,166,2,-1
12666,-1,165,1,-1
12667,-1,165,2,-1
12668,-1,166,-1,-1
12669,-1,164,2,-1
12670,-1,165,1,-1
12671,-1,165,2,-1
12672,-1,165,1,-1
12673,-1,166,-1,-1
12674,-1,165,8,-1
12675,-1,166,-1,-1
12676,-1,163,-1,-1
12677,-1,164,-1,-1
12678,-1,164,2,-1
12679,-1,166,2,-1
12680,-1,165,1,-1
12681,-1,165,-1,-1
12682,-1,164,1,-1
12683,-1,166,1,-1
12684,-1,166,2,-1
12685,-1,166,1,-1
12686,-1,166,2,-1
12687,-1,166,1,-1
12688,-1,166,-1,-1
12689,-1,166,4,-1
12690,-1,166,2,-1
12691,-1,166,1,-1
12692,-1,166,2,-1
12693,-1,166,1,-1
12694,-1,166,-1,-1
12695,-1,166,-1,-1
12696,-1,166,1,-1
12697,-1,166,-1,-1
12698,-1,166,2,-1
12699,-1,166,-1,-1
12700,-1,166,-1,-1
12701,-1,166,-1,-1
12702,-1,166,1,-1
12703,-1,166,-1,-1
12704,-1,166,2,-1
12705,-1,165,2,-1
12706,-1,166,1,-1
12707,-1,165,-1,-1
12708,-1,166,2,-1
12709,-1,166,1,-1
12710,-1,166,-1,-1
12711,-1,166,-1,-1
12712,-1,166,1,-1
12713,-1,166,1,-1
12714,-1,166,-1,-1
12715,-1,166,-1,-1
12716,-1,166,2,-1
12717,-1,166,3,-1
12718,-1,59,-1,-1
12719,-1,166,3,-1
12720,-1,166,1,-1
12721,-1,166,-1,-1
12722,-1,166,1,-1
12723,-1,166,2,-1
12724,-1,165,4,-1
12725,-1,194,10,-1
12726,-1,166,1,-1
12727,-1,162,-1,-1
12728,-1,166,2,-1
12729,-1,166,1,-1
12730,-1,166,5,-1
12731,-1,166,1,-1
12732,-1,166,1,-1
12733,-1,166,-1,-1
12734,-1,70,6,-1
12735,-1,165,1,-1
12736,-1,166,2,-1
12737,-1,165,2,-1
12738,-1,165,5,-1
12739,-1,166,2,-1
12740,-1,165,-1,-1
12741,-1,166,4,-1
12742,-1,165,2,-1
12743,-1,166,2,-1
12744,-1,165,3,-1
12745,-1,165,-1,-1
12746,-1,164,6,-1
12747,-1,166,-1,-1
12748,-1,166,3,-1
12749,-1,165,-1,-1
12750,-1,165,1,-1
12751,-1,165,5,-1
12752,-1,166,2,-1
12753,-1,165,-1,-1
12754,-1,166,3,-1
12755,-1,166,1,-1
12756,-1,166,-1,-1
12757,-1,165,8,-1
12758,-1,165,8,-1
12759,-1,165,3,-1
12760,-1,164,12,-1
12761,-1,165,-1,-1
12762,-1,165,4,-1
12763,-1,166,-1,-1
12764,-1,166,-1,-1
12765,-1,70,1,-1
12766,-1,165,-1,-1
12767,-1,166,1,-1
12768,-1,166,1,-1
12769,-1,165,5,-1
12770,-1,165,-1,-1
12771,-1,165,1,-1
12772,-1,160,-1,-1
12773,-1,166,2,-1
12774,-1,165,2,-1
12775,-1,166,1,-1
12776,-1,165,6,-1
12777,-1,166,1,-1
12778,-1,166,1,-1
12779,-1,166,2,-1
12780,-1,166,1,-1
12781,-1,166,1,-1
12782,-1,165,-1,-1
12783,-1,166,-1,-1
12784,-1,166,-1,-1
12785,-1,165,-1,-1
12786,-1,165,-1,-1
12787,-1,166,3,-1
12788,-1,56,-1,-1
12789,-1,166,-1,-1
12790,-1,166,2,-1
12791,-1,166,1,-1
12792,-1,166,4,-1
12793,-1,165,1,-1
12794,-1,166,2,-1
12795,-1,165,3,-1
12796,-1,166,1,-1
12797,-1,166,2,-1
12798,-1,165,2,-1
12799,-1,166,-1,-1
12800,-1,166,2,-1
12801,-1,164,-1,-1
12802,-1,166,1,-1
12803,-1,165,2,-1
12804,-1,166,1,-1
12805,-1,165,12,-1
12806,-1,165,2,-1
12807,-1,165,-1,-1
12808,-1,165,4,-1
12809,-1,166,11,-1
12810,-1,165,4,-1
12811,-1,166,2,-1
12812,-1,166,1,-1
12813,-1,164,1,-1
12814,-1,165,-1,-1
12815,-1,165,11,-1
12816,-1,165,1,-1
12817,-1,166,2,-1
12818,-1,166,10,-1
12819,-1,165,1,-1
12820,-1,166,-1,-1
12821,-1,165,-1,-1
12822,-1,165,1,-1
12823,-1,165,1,-1
12824,-1,166,-1,-1
12825,-1,166,1,-1
12826,-1,166,1,-1
12827,-1,166,-1,-1
12828,-1,165,1,-1
12829,-1,164,8,-1
12830,-1,166,3,-1
12831,-1,166,2,-1
12832,-1,166,2,-1
12833,-1,165,2,-1
12834,-1,166,12,-1
12835,-1,166,-1,-1
12836,-1,166,2,-1
12837,-1,166,-1,-1
12838,-1,165,-1,-1
12839,-1,165,2,-1
12840,-1,165,3,-1
12841,-1,165,6,-1
12842,-1,68,-1,-1
12843,-1,166,1,-1
12844,-1,165,1,-1
12845,-1,164,-1,-1
12846,-1,165,-1,-1
12847,-1,166,-1,-1
12848,-1,164,1,-1
12849,-1,166,1,-1
12850,-1,165,-1,-1
12851,-1,166,1,-1
12852,-1,165,3,-1
12853,-1,166,3,-1
12854,-1,165,17,-1
12855,-1,165,1,-1
12856,-1,166,-1,-1
12857,-1,164,3,-1
12858,-1,165,-1,-1
12860,-1,165,-1,-1
12862,-1,160,2,-1
12863,-1,166,3,-1
12865,-1,160,-1,-1
12866,-1,166,1,-1
12867,-1,166,2,-1
12868,-1,164,1,-1
12869,-1,165,1,-1
12870,-1,165,2,-1
12871,-1,166,7,-1
12872,-1,165,2,-1
12873,-1,165,6,-1
12874,-1,164,-1,-1
12875,-1,165,-1,-1
12876,-1,166,-1,-1
12877,-1,166,1,-1
12878,-1,165,1,-1
12879,-1,166,1,-1
12880,-1,165,3,-1
12881,-1,165,2,-1
12882,-1,166,3,-1
12883,-1,165,1,-1
12884,-1,164,2,-1
12885,-1,166,3,-1
12886,-1,164,-1,-1
12887,-1,98,-1,-1
12888,-1,-1,1,-1
12889,-1,-1,6,-1
12891,-1,-1,4,-1
12892,-1,-1,1,-1
12894,-1,-1,10,-1
12895,-1,-1,3,-1
12896,-1,-1,2,-1
12899,-1,-1,4,-1
12902,-1,-1,16,-1
12903,-1,-1,4,-1
12904,-1,-1,1,-1
12906,-1,-1,2,-1
12908,-1,-1,12,-1
12909,-1,-1,1,-1
12910,-1,-1,6,-1
12911,-1,-1,2,-1
12912,-1,-1,3,-1
12913,-1,-1,4,-1
12922,-1,-1,2,-1
12925,-1,-1,1,-1
12928,-1,-1,1,-1
12932,-1,-1,8,-1
12933,-1,-1,32,-1
12935,-1,-1,2,-1
12936,-1,-1,15,-1
12937,-1,-1,3,-1
12938,-1,-1,3,-1
12939,-1,-1,7,-1
12940,-1,-1,1,-1
12941,-1,-1,3,-1
12942,-1,-1,16,-1
12943,-1,-1,5,-1
12944,-1,-1,4,-1
12945,-1,-1,1,-1
12946,-1,-1,5,-1
12947,-1,-1,2,-1
12949,-1,-1,5,-1
12950,-1,-1,1,-1
12951,-1,-1,2,-1
12952,-1,-1,3,-1
12953,-1,-1,2,-1
12954,-1,-1,3,-1
12955,-1,-1,1,-1
12956,-1,160,-1,-1
12957,-1,62,-1,-1
12959,-1,-1,1,-1
12960,-1,-1,1,-1
12961,-1,-1,1,-1
12962,-1,-1,1,-1
12963,-1,-1,9,-1
12964,-1,-1,8,-1
12965,-1,-1,2,-1
12966,-1,-1,17,-1
12967,-1,-1,19,-1
12968,-1,-1,4,-1
12969,-1,-1,2,-1
12970,-1,-1,3,-1
12971,-1,-1,20,-1
12972,-1,-1,3,-1
12973,-1,-1,21,-1
12974,-1,-1,5,-1
12975,-1,-1,5,-1
12976,-1,-1,6,-1
12977,-1,-1,10,-1
12978,-1,-1,10,-1
12979,-1,-1,1,-1
12980,-1,-1,2,-1
12981,-1,-1,6,-1
12982,-1,-1,11,-1
12983,-1,-1,6,-1
12984,-1,-1,4,-1
12985,-1,-1,1,-1
12986,-1,-1,7,-1
12987,-1,-1,9,-1
12988,-1,-1,3,-1
12989,-1,-1,5,-1
12990,-1,-1,32,-1
12991,-1,-1,14,-1
12992,-1,-1,25,-1
12993,-1,-1,9,-1
12994,-1,-1,11,-1
12995,-1,-1,2,-1
12996,-1,-1,2,-1
12997,-1,-1,6,-1
12998,-1,-1,11,-1
12999,-1,-1,1,-1
13000,-1,-1,6,-1
13001,-1,-1,1,-1
13002,-1,-1,10,-1
13003,-1,-1,9,-1
13004,-1,-1,2,-1
13005,-1,-1,1,-1
13006,-1,-1,10,-1
13007,-1,-1,5,-1
13008,-1,-1,3,-1
13009,-1,-1,3,-1
13010,-1,-1,9,-1
13012,1,-1,5,51
13013,-1,-1,8,-1
13014,-1,-1,2,-1
13015,-1,-1,24,-1
13016,-1,-1,8,-1
13017,-1,-1,4,-1
13018,-1,-1,4,-1
13019,-1,-1,5,-1
13020,-1,-1,5,-1
13021,-1,-1,4,-1
13023,-1,-1,29,-1
13024,-1,-1,18,-1
13484,-1,188,10,-1
13485,-1,187,7,-1
13486,-1,189,2,-1
13487,-1,187,7,-1
13488,-1,188,3,-1
13489,-1,189,7,-1
13490,-1,189,10,-1
13491,-1,190,5,-1
13492,-1,189,5,-1
13493,-1,189,1,-1
13494,-1,189,9,-1
13495,-1,188,12,-1
13496,-1,189,6,-1
13497,-1,189,15,-1
13498,-1,191,8,-1
13499,-1,187,10,-1
13500,-1,189,17,-1
13501,-1,188,2,-1
13502,-1,188,6,-1
13503,-1,187,4,-1
13504,-1,187,6,-1
13505,-1,188,9,-1
13506,-1,190,7,-1
13507,-1,188,4,-1
13508,-1,188,4,-1
13509,-1,191,4,-1
13510,-1,191,2,-1
13511,-1,98,-1,-1
13512,-1,189,5,-1
13513,-1,189,7,-1
13514,-1,188,13,-1
13515,-1,189,4,-1
13516,-1,188,9,-1
13517,-1,188,4,-1
13518,-1,186,10,-1
13519,-1,189,3,-1
13520,-1,189,7,-1
13521,-1,187,20,-1
13522,-1,98,-1,-1
13523,-1,189,2,-1
13524,-1,188,10,-1
13525,-1,185,5,-1
13526,-1,186,5,-1
13527,-1,187,11,-1
13528,-1,189,11,-1
13529,-1,191,8,-1
13530,-1,187,6,-1
13531,-1,188,13,-1
13532,-1,189,17,-1
13533,-1,189,3,-1
13534,-1,188,7,-1
13535,-1,189,5,-1
13536,-1,189,7,-1
13537,-1,186,6,-1
13538,-1,188,9,-1
13539,-1,188,7,-1
13540,-1,191,3,-1
13541,-1,191,20,-1
13542,-1,189,4,-1
13543,-1,191,26,-1
13544,-1,189,6,-1
13545,-1,188,17,-1
13546,-1,188,4,-1
13547,-1,187,8,-1
13548,-1,189,9,-1
13549,-1,188,1,-1
13550,-1,189,12,-1
13551,-1,187,14,-1
13552,-1,187,8,-1
13553,-1,191,6,-1
13554,-1,188,3,-1
13555,-1,189,4,-1
13556,-1,187,5,-1
13557,-1,188,7,-1
13558,-1,188,16,-1
13559,-1,189,7,-1
13560,-1,188,3,-1
13561,-1,186,-1,-1
13562,-1,187,13,-1
13563,-1,188,4,-1
13564,1,228,7,381
13565,-1,119,4,-1
13566,-1,187,8,-1
13567,-1,189,3,-1
13568,-1,189,9,-1
13569,-1,189,7,-1
13570,-1,188,9,-1
13571,-1,189,4,-1
13572,-1,187,11,-1
13573,-1,188,8,-1
13574,-1,187,7,-1
13575,-1,189,1,-1
13576,-1,189,1,-1
13577,-1,191,5,-1
13578,-1,188,21,-1
13579,-1,187,6,-1
13580,-1,187,5,-1
13581,-1,189,1,-1
13582,-1,189,12,-1
13583,-1,189,16,-1
13584,-1,191,4,-1
13585,-1,189,4,-1
13586,-1,187,4,-1
13587,-1,189,4,-1
13588,-1,187,3,-1
13589,-1,187,5,-1
13590,-1,189,5,-1
13591,-1,186,6,-1
13592,-1,188,3,-1
13593,-1,189,1,-1
13594,-1,188,6,-1
13595,-1,187,6,-1
13596,-1,187,2,-1
13597,-1,188,5,-1
13598,-1,191,8,-1
13599,1,211,16,181
13600,-1,189,4,-1
13601,-1,121,1,-1
13602,-1,189,3,-1
13603,-1,186,8,-1
13604,-1,188,6,-1
13605,-1,187,3,-1
13606,-1,190,16,-1
13607,-1,187,2,-1
13608,-1,188,6,-1
13609,-1,188,5,-1
13610,-1,188,2,-1
13611,-1,186,8,-1
13612,-1,187,5,-1
13613,-1,189,9,-1
13614,-1,189,6,-1
13615,-1,187,7,-1
13616,-1,189,5,-1
13617,-1,188,2,-1
13618,-1,189,9,-1
13619,-1,188,7,-1
13620,-1,185,10,-1
13621,-1,189,3,-1
13622,-1,188,2,-1
13623,-1,186,9,-1
13624,-1,187,5,-1
13625,-1,189,10,-1
13626,-1,187,8,-1
13627,-1,187,2,-1
13628,-1,11,-1,-1
13629,-1,187,1,-1
13630,-1,187,3,-1
13631,-1,188,15,-1
13632,-1,188,-1,-1
13633,-1,189,6,-1
13634,-1,187,8,-1
13635,-1,188,3,-1
13636,-1,189,4,-1
13637,-1,187,1,-1
13638,-1,189,9,-1
13639,-1,186,5,-1
13640,-1,189,6,-1
13641,-1,186,2,-1
13642,-1,187,13,-1
13643,-1,191,6,-1
13644,-1,189,6,-1
13645,-1,187,2,-1
13646,-1,189,4,-1
13647,-1,9,-1,-1
13648,-1,188,5,-1
13649,-1,191,3,-1
13650,-1,188,6,-1
13651,-1,187,1,-1
13652,-1,188,10,-1
13653,-1,191,17,-1
13654,-1,189,7,-1
13655,-1,188,9,-1
13656,-1,185,7,-1
13657,-1,187,13,-1
13658,-1,188,5,-1
13659,-1,189,6,-1
13660,-1,189,4,-1
13661,-1,189,13,-1
13662,-1,188,4,-1
13663,-1,189,4,-1
13664,-1,188,3,-1
13665,-1,188,2,-1
13666,-1,187,5,-1
13667,-1,189,7,-1
13668,-1,187,6,-1
13669,-1,188,7,-1
13670,-1,187,3,-1
13671,-1,188,8,-1
13672,-1,188,12,-1
13673,-1,188,14,-1
13674,-1,187,8,-1
13675,-1,187,6,-1
13676,-1,189,6,-1
13677,-1,191,14,-1
13678,-1,122,1,-1
13679,-1,188,10,-1
13680,-1,189,1,-1
13681,-1,189,15,-1
13682,-1,186,8,-1
13683,-1,185,4,-1
13684,-1,189,6,-1
13685,1,296,5,171
13686,-1,186,4,-1
13687,-1,188,6,-1
13688,-1,98,2,-1
13689,-1,185,7,-1
13690,-1,188,11,-1
13691,-1,188,11,-1
13692,-1,187,27,-1
13693,-1,187,4,-1
13694,-1,188,10,-1
13695,-1,187,6,-1
13696,-1,191,20,-1
13697,-1,187,4,-1
13698,-1,191,5,-1
13699,-1,188,6,-1
13701,-1,187,5,-1
13702,-1,185,3,-1
13703,-1,185,9,-1
13704,-1,191,9,-1
13705,-1,187,5,-1
13706,-1,190,6,-1
13707,-1,186,5,-1
13708,-1,189,2,-1
13709,-1,187,10,-1
13710,-1,106,-1,-1
13711,-1,188,11,-1
13712,-1,189,2,-1
13713,-1,98,1,-1
13714,-1,186,8,-1
13715,-1,189,6,-1
13716,-1,188,5,-1
13717,-1,189,15,-1
13718,-1,189,5,-1
13719,-1,189,14,-1
13720,-1,189,3,-1
13721,-1,188,5,-1
13722,-1,189,8,-1
13723,-1,188,-1,-1
13724,-1,188,9,-1
13725,-1,188,6,-1
13726,-1,189,4,-1
13727,-1,188,1,-1
13728,-1,188,1,-1
13729,-1,188,3,-1
13730,-1,188,3,-1
13731,-1,189,1,-1
13732,-1,187,18,-1
13733,-1,189,14,-1
13734,-1,190,9,-1
13735,-1,189,5,-1
13736,-1,187,2,-1
13737,-1,189,13,-1
13738,-1,187,3,-1
13739,-1,189,6,-1
13740,-1,188,13,-1
13741,-1,186,11,-1
13742,-1,191,7,-1
13743,-1,191,10,-1
13744,-1,188,10,-1
13745,-1,188,6,-1
13746,-1,187,5,-1
13747,-1,188,10,-1
13748,-1,188,-1,-1
13749,-1,186,3,-1
13750,-1,188,10,-1
13751,-1,189,4,-1
13752,-1,188,6,-1
13753,-1,187,2,-1
13754,-1,186,1,-1
13755,-1,187,58,-1
13756,-1,188,5,-1
13757,-1,187,9,-1
13758,-1,186,1,-1
13759,-1,188,6,-1
13760,-1,188,5,-1
13761,-1,188,7,-1
13762,-1,188,3,-1
13763,-1,191,9,-1
13764,-1,187,1,-1
13765,-1,189,5,-1
13766,-1,189,5,-1
13767,-1,188,6,-1
13768,-1,189,19,-1
13769,-1,189,2,-1
13770,-1,187,12,-1
13771,-1,188,14,-1
13772,-1,189,44,-1
13773,-1,185,8,-1
13774,-1,188,7,-1
13775,-1,189,5,-1
13776,-1,187,9,-1
13777,-1,188,12,-1
13778,-1,189,4,-1
13779,-1,186,6,-1
13780,-1,189,9,-1
13781,-1,188,4,-1
13782,-1,187,12,-1
13783,-1,188,11,-1
13784,-1,189,4,-1
13785,-1,189,8,-1
13786,-1,188,2,-1
13787,-1,188,3,-1
13788,-1,189,3,-1
13789,-1,11,-1,-1
13790,-1,189,12,-1
13791,-1,188,6,-1
13792,-1,188,3,-1
13793,-1,191,13,-1
13794,-1,188,7,-1
13795,-1,118,2,-1
13796,-1,187,-1,-1
13797,-1,191,3,-1
13798,-1,118,-1,-1
13799,-1,191,3,-1
13800,-1,189,9,-1
13801,-1,100,1,-1
13802,-1,189,2,-1
13803,-1,189,9,-1
13804,-1,187,11,-1
13805,-1,187,7,-1
13806,-1,187,1,-1
13807,-1,187,5,-1
13808,-1,187,5,-1
13809,-1,189,2,-1
13810,-1,188,10,-1
13811,-1,188,2,-1
13812,-1,187,9,-1
13813,-1,187,6,-1
13814,-1,189,8,-1
13815,-1,187,5,-1
13816,-1,188,3,-1
13817,-1,187,12,-1
13818,-1,189,5,-1
13819,-1,189,4,-1
13820,-1,191,5,-1
13821,-1,188,8,-1
13822,-1,189,4,-1
13823,-1,188,6,-1
13824,-1,119,-1,-1
13825,-1,189,15,-1
13826,-1,190,28,-1
13827,-1,188,1,-1
13828,-1,188,6,-1
13829,-1,187,4,-1
13830,-1,189,13,-1
13831,-1,187,3,-1
13832,-1,189,11,-1
13833,-1,188,7,-1
13834,-1,187,7,-1
13835,-1,187,9,-1
13836,-1,189,6,-1
13837,-1,188,4,-1
13838,-1,187,6,-1
13839,-1,190,25,-1
13840,-1,186,1,-1
13841,-1,188,1,-1
13842,-1,188,13,-1
13843,-1,188,13,-1
13844,-1,188,5,-1
13845,-1,187,3,-1
13846,-1,187,3,-1
13847,-1,189,1,-1
13848,-1,189,6,-1
13849,-1,189,4,-1
13850,-1,189,11,-1
13851,-1,188,12,-1
13852,-1,187,47,-1
13853,-1,189,5,-1
13854,-1,188,12,-1
13855,-1,189,13,-1
13856,-1,188,4,-1
13857,-1,187,4,-1
13858,-1,188,5,-1
13859,-1,186,8,-1
13860,-1,189,20,-1
13861,-1,190,11,-1
13862,-1,189,26,-1
13863,-1,189,4,-1
13864,-1,188,3,-1
13865,-1,187,4,-1
13866,-1,187,7,-1
13867,-1,189,5,-1
13868,-1,187,-1,-1
13869,-1,186,31,-1
13870,-1,188,5,-1
13871,-1,189,30,-1
13872,-1,188,15,-1
13873,-1,188,3,-1
13874,-1,188,13,-1
13875,-1,189,6,-1
13876,-1,188,6,-1
13877,-1,191,11,-1
13878,-1,189,8,-1
13879,-1,188,8,-1
13880,-1,187,3,-1
13881,-1,188,23,-1
13882,-1,188,11,-1
13883,-1,188,6,-1
13884,-1,189,8,-1
13885,-1,189,6,-1
13886,-1,189,6,-1
13887,-1,188,3,-1
13888,-1,187,3,-1
13889,-1,189,3,-1
13890,-1,188,6,-1
13891,-1,190,3,-1
13892,-1,189,7,-1
13893,-1,189,8,-1
13894,-1,188,6,-1
13895,-1,188,5,-1
13896,-1,188,22,-1
13897,-1,189,15,-1
13898,-1,189,4,-1
13899,-1,188,11,-1
13900,-1,187,6,-1
13901,-1,188,3,-1
13902,-1,186,6,-1
13903,-1,188,8,-1
13904,-1,188,8,-1
13905,-1,189,10,-1
13906,-1,188,10,-1
13907,-1,189,10,-1
13908,-1,189,6,-1
13909,-1,40,-1,-1
13910,-1,188,1,-1
13911,-1,189,12,-1
13912,-1,190,10,-1
13913,-1,189,2,-1
13914,-1,190,23,-1
13915,-1,189,2,-1
13916,-1,188,5,-1
13917,-1,188,8,-1
13918,-1,188,5,-1
13919,-1,189,2,-1
13920,-1,189,3,-1
13921,-1,188,4,-1
13922,-1,191,11,-1
13923,-1,188,-1,-1
13924,-1,187,9,-1
13925,-1,189,6,-1
13926,-1,190,3,-1
13927,-1,187,20,-1
13928,-1,189,7,-1
13929,-1,189,17,-1
13930,-1,188,9,-1
13931,-1,191,6,-1
13932,-1,189,6,-1
13933,-1,189,10,-1
13934,-1,188,9,-1
13935,-1,187,4,-1
13936,-1,190,3,-1
13937,-1,188,9,-1
13938,-1,189,6,-1
13939,-1,188,4,-1
13940,-1,189,4,-1
13941,-1,189,5,-1
13942,-1,189,6,-1
13943,-1,188,4,-1
13944,-1,58,-1,-1
13945,-1,56,-1,-1
13946,-1,176,-1,-1
13947,1,183,3,377
13948,1,180,4,307
13949,1,181,28,273
13950,1,186,24,375
13951,1,186,7,232
13952,1,184,70,226
13953,1,176,1,266
13954,1,72,-1,-1
13955,1,181,1,181
13956,1,68,-1,1
13957,1,181,2,192
13958,1,181,5,174
13959,1,185,1,289
13960,1,186,8,66
13961,1,184,6,233
13962,1,172,7,-1
13963,1,175,6,418
13964,1,183,9,244
13965,1,180,5,341
13966,1,183,5,234
13967,1,174,-1,1
13968,1,180,23,337
13969,1,184,2,363
13970,1,182,9,301
13971,1,179,5,48
13972,1,178,5,278
13973,1,172,6,229
13974,1,185,1,164
13975,1,178,1,238
13976,1,181,5,149
13977,1,182,6,162
13978,1,183,2,164
13979,1,181,2,132
13980,1,181,8,187
13981,1,184,2,260
13982,1,186,49,291
13983,1,181,9,358
13984,1,179,3,228
13985,1,186,7,329
13986,1,176,8,220
13987,1,183,2,376
13988,1,181,6,272
13989,1,182,5,187
13990,1,182,4,404
13991,1,-1,-1,112
13992,1,185,1,307
13993,1,180,2,369
13994,1,179,3,175
13995,1,184,2,195
13996,1,183,11,141
13997,1,186,4,196
13998,1,178,1,182
13999,1,185,7,296
14000,1,174,5,213
14001,1,183,4,412
14002,1,183,8,228
14003,1,183,4,341
14004,1,182,6,261
14005,1,186,3,250
14006,1,-1,6,109
14007,1,180,4,148
14008,1,179,46,322
14009,1,182,-1,215
14010,1,180,2,343
14011,1,181,17,275
14012,1,180,11,154
14013,1,179,15,135
14014,1,182,2,286
14015,1,185,2,336
14016,1,182,6,245
14017,1,180,8,197
14018,1,175,1,424
14019,1,180,2,247
14020,1,180,-1,204
14021,1,182,5,184
14022,1,180,3,122
14023,1,179,7,212
14024,1,184,8,338
14025,1,186,5,293
14026,1,183,74,396
14027,1,174,7,224
14028,1,178,7,231
14029,1,178,1,237
14030,1,186,6,382
14031,1,172,8,-1
14032,1,176,3,261
14033,1,181,2,250
14034,1,180,6,268
14035,1,182,2,204
14036,1,182,4,242
14037,1,251,-1,339
14038,1,184,15,305
14039,1,184,5,179
14040,1,179,8,311
14041,1,185,6,219
14042,1,177,5,171
14043,1,180,15,191
14044,1,182,2,291
14045,1,179,4,341
14046,1,70,-1,-1
14047,1,180,4,304
14048,1,181,17,171
14049,1,183,7,348
14050,1,89,2,77
14051,1,178,8,207
14052,1,181,55,159
14053,1,179,9,212
14054,1,182,9,237
14055,1,173,9,197
14056,1,185,10,327
14057,1,182,29,315
14058,1,178,4,127
14059,1,176,2,226
14060,1,176,6,234
14061,1,178,11,137
14062,1,175,4,231
14063,1,182,5,158
14064,1,179,9,172
14065,1,182,6,170
14066,1,178,11,280
14067,1,182,2,381
14068,1,182,9,170
14069,1,179,1,208
14070,1,182,7,188
14071,1,180,9,204
14072,1,175,5,252
14073,1,177,3,255
14074,1,182,11,329
14075,1,181,10,306
14076,1,179,6,12
14077,1,181,5,165
14078,1,184,12,100
14079,1,178,1,141
14080,1,184,1,171
14081,1,181,8,263
14082,1,184,14,208
14083,1,186,1,156
14084,1,186,4,252
14085,1,186,7,268
14086,1,181,3,301
14087,1,180,5,157
14088,1,179,3,210
14089,1,167,2,15
14090,1,181,10,257
14091,1,179,8,147
14092,1,185,4,192
14093,1,179,13,162
14094,1,185,6,100
14095,1,180,5,143
14096,1,179,8,205
14097,1,181,-1,409
14098,1,182,4,233
14099,1,178,1,486
14100,1,181,2,266
14101,1,180,5,163
14102,1,179,5,214
14103,1,180,4,367
14104,1,186,2,224
14105,1,181,6,181
14106,1,182,24,259
14107,1,183,6,233
14108,1,181,2,296
14109,1,173,7,320
14110,1,181,6,272
14111,1,183,-1,118
14112,1,180,3,185
14113,1,181,2,158
14114,1,179,1,263
14115,1,183,3,224
14116,1,176,4,168
14117,1,182,5,149
14118,1,180,5,7
14119,1,178,7,127
14120,1,182,4,120
14121,1,182,2,269
14122,1,185,5,290
14123,1,183,6,373
14124,1,177,6,374
14125,1,175,5,225
14126,1,183,3,272
14127,1,173,2,105
14128,1,180,3,297
14129,1,179,4,136
14130,1,179,4,306
14131,1,177,3,100
14132,1,178,5,270
14133,1,179,6,223
14134,1,184,6,228
14135,1,176,2,298
14136,1,174,6,198
14137,1,184,2,249
14138,1,183,10,84
14139,1,180,7,476
14140,1,183,4,397
14141,1,181,4,388
14142,1,186,1,182
14143,1,181,1,269
14144,1,183,8,240
14145,1,179,6,206
14146,1,181,4,138
14147,1,182,3,237
14148,1,60,2,-1
14149,1,178,2,123
14150,1,174,1,85
14151,1,180,39,288
14152,1,184,4,399
14153,1,175,15,254
14154,1,181,1,172
14155,1,180,5,151
14156,1,176,4,215
14157,1,182,4,312
14158,1,181,3,333
14159,1,182,4,335
14160,1,180,6,308
14161,1,187,7,174
14162,1,181,4,243
14163,1,179,6,178
14164,1,179,12,146
14165,1,184,1,198
14166,1,180,3,134
14167,1,182,5,121
14168,1,176,69,483
14169,1,183,-1,339
14170,1,181,1,368
14171,1,181,3,217
14172,1,182,7,123
14173,1,184,3,391
14174,1,182,4,179
14175,1,172,7,254
14176,1,183,12,124
14177,1,180,3,360
14178,1,181,21,199
14179,1,181,4,195
14180,1,182,3,271
14181,1,183,7,387
14182,1,181,1,252
14183,1,182,11,246
14184,1,181,1,195
14185,1,179,4,197
14186,1,179,16,108
14187,1,180,3,477
14188,1,184,7,379
14189,1,60,-1,-1
14190,1,168,4,95
14191,1,183,4,296
14192,1,178,5,293
14193,1,177,3,319
14194,1,182,4,194
14195,1,176,-1,370
14196,1,180,6,218
14197,1,182,5,186
14198,1,176,19,164
14199,1,178,13,168
14200,1,185,3,438
14201,1,180,3,207
14202,1,184,5,221
14203,1,178,12,171
14204,1,177,10,261
14205,1,183,38,365
14206,1,179,6,143
14207,1,177,16,287
14208,1,177,3,528
14209,1,184,12,103
14210,1,184,2,347
14211,1,179,7,429
14212,1,186,4,350
14213,1,186,6,213
14214,1,176,5,212
14215,1,184,1,185
14216,1,179,2,119
14217,1,181,6,358
14218,1,182,13,295
14219,1,181,2,428
14220,1,181,6,369
14221,1,186,8,378
14222,1,179,4,225
14223,1,183,3,157
14224,1,182,7,181
14225,1,182,5,227
14226,1,180,7,248
14227,1,178,7,205
14228,1,177,3,307
14229,1,182,6,228
14230,1,183,6,278
14231,1,183,10,168
14232,1,182,5,190
14233,1,179,3,235
14234,1,179,5,375
14235,1,186,1,276
14236,1,179,-1,369
14237,1,177,18,353
14238,1,182,13,225
14239,1,104,-1,-1
14240,1,183,2,365
14241,1,176,9,150
14242,1,180,11,158
14243,1,182,8,362
14244,1,9,2,4
14245,1,181,16,223
14246,1,175,6,32
14247,1,182,7,262
14248,1,181,9,224
14249,1,176,14,353
14250,1,181,6,184
14251,1,180,6,245
14252,1,182,72,231
14253,1,183,7,200
14254,1,182,6,248
14255,1,180,4,257
14256,1,183,2,241
14257,1,182,5,239
14258,1,179,11,317
14259,1,179,5,157
14260,1,184,9,283
14261,1,180,5,236
14262,1,184,2,347
14263,1,181,8,359
14264,1,180,3,201
14265,1,184,10,193
14266,1,181,7,254
14267,1,179,20,317
14268,1,178,3,181
14269,1,181,19,186
14270,1,182,3,313
14271,1,177,5,228
14272,1,187,7,164
14273,1,165,13,94
14274,1,177,9,235
14275,1,178,5,215
14276,1,179,6,222
14277,1,174,3,188
14278,1,181,3,187
14279,1,181,2,373
14280,1,184,11,216
14281,1,177,6,259
14282,1,179,6,237
14283,1,176,4,246
14284,1,180,4,178
14285,1,183,3,216
14286,1,181,4,216
14287,1,182,3,198
14288,1,181,3,236
14289,1,171,10,114
14290,1,181,9,176
14291,1,178,12,246
14292,1,183,13,87
14293,1,185,8,210
14294,1,186,4,276
14295,1,253,6,262
14296,1,185,2,281
14297,1,176,1,307
14298,1,179,2,306
14299,1,186,2,159
14300,1,182,10,218
14301,1,182,11,312
14302,1,183,8,244
14303,1,186,6,247
14304,1,175,2,376
14305,1,178,12,335
14306,1,185,2,259
14307,1,184,3,270
14308,1,182,20,199
14309,1,180,24,326
14310,1,184,6,291
14311,1,176,8,172
14312,1,182,8,238
14313,1,180,10,287
14314,1,186,30,171
14315,1,183,4,261
14316,1,181,5,213
14317,1,181,11,218
14318,1,182,5,181
14319,1,183,4,242
14320,1,183,9,206
14321,1,175,-1,385
14322,1,179,3,203
14323,1,181,1,360
14324,1,178,9,204
14325,1,184,6,209
14326,1,177,6,140
14327,1,182,10,395
14328,1,168,1,-1
14329,1,182,-1,121
14330,1,180,10,123
14331,1,179,8,182
14332,1,179,7,204
14333,1,183,6,268
14334,1,180,10,265
14335,1,181,2,198
14336,1,184,4,299
14337,1,177,2,401
14338,1,180,3,144
14339,1,183,9,162
14340,1,186,4,201
14341,1,176,3,95
14342,1,183,7,426
14343,1,181,15,313
14344,1,183,2,111
14345,1,180,2,227
14346,1,180,4,155
14347,1,181,1,249
14348,1,181,7,202
14349,1,179,4,258
14350,1,180,7,388
14351,1,182,10,402
14352,1,181,1,412
14353,1,178,2,166
14354,1,181,9,310
14355,1,177,7,187
14356,1,182,1,271
14357,1,182,24,212
14358,1,181,5,246
14359,1,179,5,202
14360,1,177,5,318
14361,1,170,15,183
14362,1,182,10,393
14363,1,173,6,1
14364,1,175,14,228
14365,1,180,3,146
14366,1,185,4,239
14367,1,172,15,232
14368,1,186,2,209
14369,1,30,5,-1
14370,1,182,10,305
14371,1,181,5,228
14372,1,175,1,99
14373,1,173,7,163
14374,1,174,3,167
14375,1,174,10,390
14376,1,174,8,175
14377,1,179,10,233
14378,1,176,6,250
14379,1,140,1,-1
14380,1,-1,4,105
14381,1,-1,5,176
14382,1,-1,6,-1
14383,1,-1,3,181
14384,1,-1,-1,399
14385,1,-1,6,168
14386,1,-1,5,130
14387,1,-1,5,132
14388,1,-1,8,147
14389,1,-1,6,166
14390,1,-1,4,159
14391,1,-1,2,164
14392,1,-1,12,158
14393,1,-1,1,167
14394,1,-1,7,144
14395,1,-1,3,156
14396,1,-1,5,223
14397,1,-1,2,145
14398,1,-1,2,103
14399,1,-1,-1,135
14400,1,-1,7,107
14401,1,-1,7,156
14402,1,-1,5,144
14403,1,-1,4,167
14404,1,-1,-1,180
14405,1,-1,17,130
14406,1,-1,3,102
14407,1,-1,2,189
14408,1,-1,2,281
14409,1,-1,-1,-1
14410,1,-1,-1,290
14411,1,-1,4,166
14412,1,-1,1,417
14413,1,-1,9,121
14414,1,-1,6,64
14415,1,-1,7,177
14416,1,-1,1,297
14417,1,-1,3,244
14418,1,-1,-1,159
14420,1,-1,1,-1
14421,1,-1,4,348
14422,1,-1,2,81
14423,1,-1,12,185
14424,1,-1,4,160
14425,1,-1,4,144
14426,1,-1,10,193
14427,1,-1,5,172
14428,1,-1,4,102
14429,1,-1,6,201
14430,1,-1,6,202
14431,1,-1,10,243
14432,1,-1,3,117
14433,1,-1,4,197
14434,1,-1,1,343
14435,1,-1,10,194
14436,1,-1,1,114
14437,1,-1,3,445
14438,1,-1,5,147
14439,1,-1,1,169
14440,1,-1,11,137
14441,1,-1,2,461
14442,1,-1,2,114
14443,1,-1,5,387
14444,1,-1,15,161
14445,1,-1,6,190
14446,1,-1,4,183
14447,1,-1,3,206
14448,1,-1,4,162
14449,1,181,2,378
14450,1,182,5,228
14451,1,143,1,-1
14452,1,142,3,-1
14453,1,70,1,-1
14454,1,144,2,115
14455,1,144,3,283
14456,1,144,4,248
14457,1,141,6,188
14458,1,144,5,238
14459,1,144,-1,275
14460,1,147,-1,223
14461,1,143,4,196
14462,1,143,4,168
14463,1,144,2,186
14464,1,143,-1,163
14465,1,144,1,-1
14466,1,144,5,167
14467,1,140,11,211
14468,1,140,3,167
14469,1,144,3,256
14470,1,144,2,229
14471,1,144,2,191
14472,1,144,5,278
14473,1,144,3,211
14474,1,144,4,190
14475,1,144,4,219
14476,1,144,1,371
14477,1,144,1,191
14478,1,144,1,328
14479,1,144,56,267
14480,1,144,-1,236
14481,1,144,12,371
14482,1,144,-1,250
14483,1,144,65,295
14484,1,23,-1,-1
14485,1,124,-1,185
14486,1,143,1,422
14487,1,144,4,246
14488,1,144,1,315
14489,1,143,6,191
14490,1,23,-1,-1
14491,1,144,43,290
14492,1,143,2,186
14493,1,143,1,399
14494,1,144,2,266
14495,1,141,2,221
14496,1,143,6,317
14497,1,143,3,295
14498,1,144,16,431
14499,1,144,64,286
14500,1,144,18,264
14501,1,144,1,286
14502,1,143,60,301
14503,1,143,1,216
14504,1,144,1,269
14505,1,144,1,199
14506,1,144,6,220
14507,1,144,3,192
14508,1,144,2,424
14509,-1,6,-1,-1
14510,1,130,3,159
14511,1,144,2,201
14512,1,144,1,263
14513,1,144,1,276
14514,1,131,-1,230
14515,1,130,1,185
14516,1,131,1,287
14517,1,130,1,425
14518,1,131,-1,246
14519,1,129,-1,216
14520,1,9,-1,-1
14521,1,130,1,232
14522,1,131,1,230
14523,1,131,1,245
14524,1,131,-1,322
14525,1,134,-1,205
14526,1,131,-1,224
14527,1,133,-1,252
14528,1,130,-1,337
14529,1,133,1,244
14530,1,129,-1,293
14531,1,130,1,397
14532,1,130,-1,224
14533,1,127,5,239
14534,1,131,2,195
14535,1,127,3,169
14536,1,131,-1,393
14537,1,130,-1,246
14538,1,134,72,423
14539,1,131,-1,203
14540,1,129,1,193
14541,1,130,-1,304
14542,1,130,61,375
14543,1,129,4,462
14544,1,129,1,305
14545,1,130,2,221
14546,1,12,-1,1
14547,1,131,4,286
14548,1,131,1,342
14549,1,134,-1,121
14550,1,130,7,197
14551,1,131,-1,314
14552,1,132,10,320
14553,1,134,9,185
14554,1,130,1,247
14555,1,131,-1,241
14556,1,134,1,183
14557,1,130,-1,219
14558,1,130,-1,248
14559,1,130,3,346
14560,1,130,29,194
14561,1,100,-1,14
14562,1,131,2,278
14563,1,132,2,278
14564,1,115,-1,36
14565,1,130,-1,224
14566,1,12,-1,-1
14567,1,128,2,199
14568,1,130,2,300
14569,1,127,-1,254
14570,1,128,1,329
14571,1,134,-1,330
14572,1,133,-1,217
14573,1,129,-1,377
14574,1,130,33,398
14575,1,131,-1,415
14576,1,130,2,438
14577,1,113,-1,9
14578,1,131,2,392
14579,1,131,-1,112
14580,1,130,1,136
14581,1,130,-1,246
14582,1,130,-1,304
14583,1,131,3,279
14584,1,131,-1,244
14585,1,131,2,241
14586,1,130,-1,328
14587,1,131,2,232
14588,1,131,-1,430
14589,1,130,2,281
14590,1,129,-1,501
14591,1,130,-1,165
14592,1,130,2,226
14593,1,130,4,282
14594,1,133,5,260
14595,1,130,-1,346
14596,1,130,8,413
14597,1,129,-1,181
14598,1,131,3,43
14599,1,127,4,198
14600,1,133,24,326
14601,1,130,3,430
14602,1,133,3,219
14603,1,131,-1,363
14604,1,129,-1,372
14605,1,130,-1,250
14606,1,131,7,217
14607,1,130,2,280
14608,1,130,7,181
14609,1,131,3,179
14610,1,129,-1,237
14611,1,131,10,315
14612,1,129,-1,243
14613,1,130,1,368
14614,1,130,4,134
14615,1,127,-1,275
14616,1,130,1,193
14617,1,133,-1,231
14618,1,134,-1,227
14619,1,131,1,240
14620,1,134,-1,308
14621,1,133,3,339
14622,1,133,1,266
14623,1,131,3,167
14624,1,129,3,189
14625,1,130,1,384
14626,1,126,-1,323
14627,1,134,1,129
14628,1,130,1,241
14629,1,130,3,244
14630,1,130,2,489
14631,1,130,1,106
14632,1,131,-1,293
14633,1,131,3,231
14634,1,129,6,343
14635,1,133,-1,347
14636,1,129,2,295
14637,1,128,4,222
14638,1,130,17,177
14639,1,130,1,280
14640,1,131,1,148
14641,1,130,-1,232
14642,1,9,-1,-1
14643,1,126,-1,333
14644,1,128,-1,256
14645,1,129,3,268
14646,1,128,-1,209
14647,1,130,2,296
14648,1,130,-1,340
14649,1,130,10,373
14650,1,130,1,287
14651,1,132,23,224
14652,1,130,-1,234
14653,1,122,-1,351
14654,1,131,3,235
14655,1,131,4,270
14656,1,130,4,196
14657,1,129,2,248
14658,1,130,3,216
14659,1,129,2,186
14660,1,128,6,175
14661,1,134,2,214
14662,1,133,-1,233
14663,1,131,10,169
14664,1,131,3,211
14665,1,130,1,425
14666,1,130,2,291
14667,1,130,1,297
14668,1,131,1,231
14669,1,131,-1,268
14670,1,131,13,198
14671,1,130,-1,392
14672,1,131,1,152
14673,1,130,-1,409
14674,1,128,4,268
14675,1,130,1,198
14676,1,130,-1,222
14677,1,131,-1,309
14678,1,127,2,433
14679,1,130,2,224
14680,1,131,3,239
14681,1,130,2,224
14682,1,131,14,366
14683,1,131,10,413
14684,1,133,-1,292
14685,1,130,-1,380
14686,1,131,-1,398
14687,1,133,-1,207
14688,1,131,5,270
14689,1,128,16,179
14690,1,130,2,173
14691,1,131,1,189
14692,1,131,3,279
14693,1,133,11,484
14694,1,133,1,344
14695,1,130,2,324
14696,1,130,-1,455
14697,1,131,3,381
14698,1,126,-1,342
14699,1,130,5,385
14700,1,130,1,339
14701,1,130,8,388
14702,1,130,9,330
14703,1,130,-1,253
14704,1,130,-1,222
14705,1,133,3,190
14706,1,131,2,261
14707,1,133,-1,332
14708,1,129,6,266
14709,1,129,2,293
14710,1,130,-1,116
14711,1,130,2,401
14712,1,126,2,443
14713,1,131,19,264
14714,1,130,10,305
14715,1,133,5,400
14716,1,112,1,7
14717,1,131,5,289
14718,1,130,-1,394
14719,1,129,1,297
14720,1,9,-1,-1
14721,1,130,1,222
14722,1,130,2,142
14723,1,130,3,401
14724,1,131,-1,193
14725,1,134,-1,340
14726,1,130,-1,126
14727,1,131,2,214
14728,1,134,-1,119
14729,1,115,1,81
14730,1,127,2,170
14731,1,129,1,148
14732,1,131,-1,137
14733,1,128,-1,275
14734,1,134,-1,259
14735,1,130,2,129
14736,1,129,3,349
14737,1,129,2,227
14738,1,131,-1,287
14739,1,130,6,181
14740,1,131,1,233
14741,1,130,2,268
14742,1,130,-1,196
14743,1,129,-1,197
14744,1,130,5,204
14745,1,133,-1,207
14746,1,130,10,180
14747,1,130,4,284
14748,1,127,1,194
14749,1,129,-1,277
14750,1,131,11,286
14751,1,134,-1,199
14752,1,127,1,241
14753,1,133,1,202
14754,1,133,-1,252
14755,1,133,-1,248
14756,1,127,1,215
14757,1,133,3,302
14758,1,130,4,381
14759,1,130,-1,200
14760,1,130,1,181
14761,1,131,2,288
14762,1,129,1,200
14763,1,128,4,246
14764,1,131,-1,364
14765,1,128,5,294
14766,1,127,1,227
14767,1,130,-1,212
14768,1,128,-1,192
14769,1,133,2,203
14770,1,130,-1,265
14771,1,133,-1,350
14772,1,131,-1,322
14773,1,127,3,216
14774,1,131,-1,256
14775,1,133,-1,179
14776,1,130,2,227
14777,1,129,2,203
14778,1,126,1,221
14779,1,133,2,371
14780,1,131,9,269
14781,1,128,-1,114
14782,1,130,-1,249
14783,1,130,-1,320
14784,1,131,-1,203
14785,1,133,3,264
14786,1,129,1,288
14787,1,131,-1,211
14788,1,130,2,215
14789,1,125,23,360
14790,1,131,4,320
14791,1,130,-1,226
14792,1,128,4,216
14793,1,131,1,154
14794,1,128,14,363
14795,1,128,-1,107
14796,1,129,-1,258
14797,1,131,-1,290
14798,1,134,1,184
14799,1,131,2,123
14800,1,130,1,291
14801,1,129,3,248
14802,1,27,-1,-1
14803,1,130,1,259
14804,1,128,1,342
14805,1,130,2,402
14806,1,131,3,134
14807,1,128,1,151
14808,1,130,4,382
14809,1,130,1,205
14810,1,131,2,360
14811,1,130,2,324
14812,1,129,6,216
14813,1,131,-1,247
14814,1,130,-1,264
14815,1,130,10,270
14816,1,130,-1,220
14817,1,134,-1,277
14818,1,131,1,252
14819,1,130,5,218
14820,1,127,2,264
14821,1,128,-1,107
14822,1,127,1,206
14823,1,130,1,282
14824,1,130,-1,313
14825,1,129,13,293
14826,1,131,-1,270
14827,1,130,11,289
14828,1,130,-1,181
14829,1,130,-1,244
14830,1,127,9,295
14831,1,127,-1,165
14832,1,9,-1,-1
14833,1,131,4,270
14834,1,127,16,347
14835,1,131,-1,206
14836,1,128,8,314
14837,1,128,-1,327
14838,1,128,22,238
14839,1,131,4,194
14840,1,130,2,344
14841,1,130,-1,210
14842,1,130,-1,341
14843,1,130,-1,376
14844,1,131,-1,219
14845,1,127,-1,317
14846,1,130,-1,358
14847,1,128,5,14
14848,1,133,-1,384
14849,1,131,1,237
14850,1,131,5,440
14851,1,129,-1,342
14852,1,131,2,254
14853,1,130,-1,374
14854,1,131,18,363
14855,1,130,1,390
14856,1,130,87,382
14857,1,130,1,265
14858,1,131,-1,253
14859,1,133,-1,333
14860,1,130,30,284
14861,1,133,3,189
14862,1,130,-1,294
14863,1,133,3,250
14864,1,134,-1,125
14865,1,129,-1,273
14866,1,133,-1,384
14867,1,130,8,357
14868,1,130,3,465
14869,1,129,-1,305
14870,1,131,2,212
14871,1,131,1,337
14872,1,131,-1,101
14873,1,134,-1,219
14874,1,129,4,132
14875,1,130,2,450
14876,1,131,5,125
14877,1,132,-1,349
14878,1,131,4,317
14879,1,133,-1,165
14880,1,129,3,255
14881,1,131,-1,396
14882,1,133,-1,278
14883,1,131,1,365
14884,1,130,28,27
14885,1,131,49,64
14886,1,134,28,131
14887,1,130,1,117
14888,1,130,14,65
14889,1,134,12,154
14890,1,127,14,189
14891,1,130,33,159
14892,1,134,4,4
14893,1,130,15,90
14894,1,134,8,124
14895,1,131,31,130
14896,1,131,3,90
14897,1,134,7,227
14898,1,131,11,130
14899,1,131,22,151
14900,1,134,3,149
14901,1,130,20,85
14902,1,134,3,120
14903,1,131,19,9
14904,1,131,5,94
14905,1,134,3,78
14906,1,134,14,110
14907,1,130,35,95
14908,1,130,3,277
14909,1,129,31,-1
14910,1,134,20,92
14911,1,130,11,77
14912,1,130,4,68
14913,1,130,8,95
14914,1,142,12,374
14915,1,131,-1,138
14916,1,134,23,168
14917,1,131,40,112
14918,1,130,-1,41
14919,1,127,7,194
14920,1,141,-1,408
14921,1,130,39,121
14922,1,131,24,175
14923,1,134,26,158
14924,1,127,14,110
14925,1,106,1,22
14926,1,131,3,136
14927,1,140,2,151
14928,1,131,3,27
14929,1,134,16,131
14930,1,134,29,152
14931,1,130,17,22
14932,1,131,3,17
14933,1,130,3,58
14934,1,130,36,125
14935,1,130,62,148
14936,1,131,23,41
14937,1,134,2,151
14938,1,131,21,64
14939,1,130,12,162
14940,1,134,-1,70
14941,1,130,2,181
14942,1,131,36,189
14943,1,130,9,76
14944,1,131,-1,250
14945,1,-1,1,428
14946,1,-1,2,165
14947,1,-1,1,194
14948,1,-1,3,-1
14949,1,-1,7,484
14950,1,-1,-1,81
14951,1,-1,-1,-1
14952,1,-1,-1,531
14953,1,-1,1,172
14954,1,-1,-1,202
14955,1,-1,2,176
14956,1,-1,-1,-1
14957,1,-1,3,162
14958,1,-1,3,166
14959,1,-1,1,124
14960,1,-1,-1,152
14961,1,-1,1,382
14962,1,-1,-1,133
14963,1,-1,3,486
14964,1,-1,1,391
14965,1,-1,-1,201
14966,1,-1,-1,419
14967,1,-1,4,334
14968,1,-1,3,306
14969,1,-1,1,154
14970,1,-1,2,405
14971,1,-1,-1,116
14972,1,-1,3,466
14973,1,-1,-1,350
14974,1,-1,-1,273
14975,1,-1,5,312
14976,1,-1,-1,95
14977,1,-1,6,191
14978,1,-1,2,120
14979,1,-1,-1,-1
14980,1,-1,4,166
14981,1,-1,1,159
14982,1,-1,1,172
14983,1,-1,5,203
14984,1,-1,3,541
14985,1,-1,-1,170
14986,1,-1,-1,216
14987,1,-1,1,137
14988,1,-1,2,176
14989,1,-1,2,294
14990,1,-1,2,-1
14991,1,-1,2,141
14992,1,-1,2,92
14993,1,-1,-1,412
14994,1,-1,1,122
14995,1,-1,6,470
14996,1,-1,2,119
14997,1,-1,1,433
14998,1,-1,1,274
14999,1,-1,2,94
15000,1,-1,-1,95
15001,1,-1,8,425
15002,1,120,-1,165
15003,1,122,25,355
15004,1,117,3,376
15005,1,117,-1,202
15006,1,121,-1,176
15007,1,122,25,102
15008,1,120,1,338
15009,1,-1,-1,-1
15457,1,57,1,164
15458,1,57,-1,278
15459,1,57,-1,235
15460,1,57,-1,421
15461,1,57,1,233
15462,1,57,-1,231
15463,1,57,-1,228
15464,1,57,1,334
15465,1,57,-1,190
15466,1,57,-1,347
15467,1,57,-1,199
15468,1,57,-1,302
15469,1,57,-1,277
15470,1,57,-1,174
15471,1,57,-1,326
15472,1,57,-1,427
15473,1,57,-1,134
15474,1,57,7,308
15475,1,57,-1,222
15476,1,57,1,385
15477,1,57,-1,403
15478,1,57,1,254
15479,1,57,1,178
15480,1,57,-1,299
15481,1,57,-1,312
15482,1,76,2,99
15483,1,57,-1,326
15484,1,57,1,181
15485,1,57,-1,209
15486,1,57,1,229
15487,1,57,-1,242
15488,1,57,1,341
15489,1,57,1,154
15490,1,57,-1,293
15491,1,57,35,386
15492,1,57,4,415
15493,1,57,1,144
15494,1,57,-1,271
15495,1,57,-1,119
15496,1,57,-1,339
15497,1,57,2,212
15498,1,57,-1,345
15499,1,57,1,216
15500,1,57,-1,136
15501,1,57,-1,202
15502,1,57,1,296
15503,1,57,-1,251
15504,1,57,4,122
15505,1,57,1,282
15506,1,57,1,250
15507,1,57,-1,222
15508,1,57,-1,344
15509,1,57,-1,219
15510,1,57,-1,164
15511,1,57,-1,243
15512,1,57,-1,329
15513,1,57,-1,179
15514,1,57,-1,314
15515,1,57,-1,362
15516,1,57,-1,377
15517,1,57,-1,221
15518,1,57,-1,239
15519,1,57,-1,268
15520,1,57,-1,263
15521,1,57,1,184
15522,1,57,1,192
15523,1,57,1,205
15524,1,57,-1,346
15525,1,57,2,162
15526,1,57,2,322
15527,1,57,-1,270
15528,1,57,-1,280
15529,1,57,-1,135
15530,1,57,-1,193
15531,1,57,5,380
15532,1,57,-1,367
15533,1,57,1,237
15534,1,57,-1,184
15535,1,57,-1,365
15536,1,57,1,149
15537,1,57,-1,500
15538,1,57,-1,345
15539,1,57,3,283
15540,1,57,1,174
15541,1,57,-1,285
15542,1,57,1,184
15543,1,57,1,217
15544,1,57,-1,293
15545,1,57,-1,365
15546,1,57,-1,162
15547,1,57,-1,291
15548,1,57,-1,285
15549,1,57,-1,381
15550,1,57,-1,314
15551,1,57,1,132
15552,1,57,-1,154
15553,1,57,-1,126
15554,1,57,-1,309
15555,1,57,2,301
15556,1,57,-1,498
15557,1,57,-1,408
15558,1,57,1,292
15559,1,29,-1,1
15560,1,57,1,285
15561,1,57,-1,299
15562,1,57,2,259
15563,1,57,-1,221
15564,1,57,-1,214
15565,1,57,-1,225
15566,1,57,-1,376
15567,1,57,-1,207
15568,1,57,3,224
15569,1,57,2,318
15570,1,57,-1,174
15571,1,57,1,222
15572,1,57,-1,313
15573,1,57,-1,203
15574,1,57,-1,166
15575,1,57,-1,236
15576,1,57,1,256
15577,1,57,-1,156
15578,1,57,1,258
15579,1,57,3,237
15580,1,57,-1,488
15581,1,57,-1,207
15582,1,57,1,206
15583,1,57,-1,271
15584,1,57,-1,239
15585,1,57,-1,333
15586,1,57,-1,255
15587,1,57,-1,373
15588,1,57,-1,237
15589,1,57,-1,290
15590,1,57,-1,265
15591,1,57,-1,354
15592,1,57,1,114
15593,1,57,-1,207
15594,1,57,-1,326
15595,1,57,-1,355
15596,1,57,-1,371
15597,1,57,3,336
15598,1,57,-1,259
15599,1,57,-1,413
15600,1,57,1,217
15601,1,57,-1,325
15602,1,57,3,200
15603,1,57,1,228
15604,1,57,-1,332
15605,1,57,-1,423
15606,1,57,-1,123
15607,1,57,-1,375
15608,1,57,-1,195
15609,1,57,-1,215
15610,1,57,-1,247
15611,1,57,-1,122
15612,1,57,2,295
15613,1,57,-1,241
15614,1,57,1,275
15615,1,57,-1,305
15616,1,57,1,245
15617,1,63,3,254
15618,1,57,-1,325
15619,1,57,-1,346
15620,1,57,-1,317
15621,1,57,1,316
15622,1,57,-1,388
15623,1,57,1,339
15624,1,57,4,292
15625,1,57,-1,259
15626,1,57,2,213
15627,1,57,-1,213
15628,1,57,-1,374
15629,1,57,-1,192
15630,1,57,-1,192
15631,1,57,-1,335
15632,1,57,-1,228
15633,1,57,1,120
15634,1,57,-1,460
15635,1,57,-1,282
15636,1,57,1,178
15637,1,57,-1,364
15638,1,57,-1,348
15639,1,57,2,299
15640,1,57,-1,301
15641,1,57,-1,223
15642,1,57,-1,358
15643,1,57,12,344
15644,1,57,-1,190
15645,1,57,4,342
15646,1,57,-1,387
15647,1,57,-1,208
15648,1,57,-1,362
15649,1,57,-1,366
15650,1,57,-1,389
15651,1,57,-1,449
15652,1,57,-1,388
15653,1,48,-1,252
15654,1,57,-1,553
15655,1,57,-1,467
15656,1,57,-1,359
15657,1,57,-1,277
15658,1,48,-1,407
15659,1,57,-1,194
15660,1,57,-1,419
15661,1,57,-1,470
15662,1,57,-1,328
15663,1,57,-1,432
15664,1,57,-1,380
15665,1,57,-1,221
15666,1,57,-1,182
15667,1,57,-1,387
15668,1,57,-1,367
15669,1,57,-1,87
15670,1,57,-1,392
15671,1,30,-1,-1
15672,1,57,-1,386
15673,1,57,-1,411
15674,1,48,-1,315
15675,1,57,-1,368
15676,1,57,-1,356
15677,1,57,-1,338
15678,1,57,-1,431
15679,1,57,-1,631
15680,1,57,-1,409
15681,1,57,-1,423
15682,1,57,-1,426
15683,1,57,-1,426
15684,1,57,-1,250
15685,1,57,-1,453
15686,1,57,-1,208
15687,1,57,-1,323
15688,1,57,-1,252
15689,1,57,-1,564
15690,1,57,-1,169
15691,1,57,-1,378
15692,1,48,-1,330
15693,1,57,-1,570
15694,1,57,-1,479
15695,1,57,-1,497
15696,1,57,-1,434
15697,1,57,-1,354
15698,1,57,-1,456
15699,1,57,-1,366
15700,1,57,-1,359
15701,1,57,-1,236
15702,1,57,-1,481
15703,1,57,-1,219
15704,1,57,-1,286
15705,1,57,-1,421
15706,1,57,-1,470
15707,1,57,-1,448
15708,1,57,-1,486
15709,1,57,-1,418
15710,1,57,-1,393
15711,1,57,-1,230
15712,1,57,-1,279
15713,1,57,-1,356
15714,1,57,-1,222
15715,1,57,-1,408
15716,1,57,-1,407
15717,1,57,-1,192
15718,1,26,-1,14
15719,1,57,-1,328
15720,1,57,-1,490
15721,1,57,-1,252
15722,1,57,-1,327
15723,1,57,-1,420
15724,1,57,-1,417
15725,1,57,-1,348
15726,1,57,-1,386
15727,1,57,-1,377
15728,1,57,-1,391
15729,1,57,-1,356
15730,1,57,-1,492
15731,1,57,-1,516
15732,1,57,-1,354
15733,1,57,-1,369
15734,1,57,-1,358
15735,1,57,-1,344
15737,1,57,-1,195
15738,1,57,-1,265
15739,1,57,-1,275
15740,1,57,-1,245
15741,1,57,-1,274
15742,1,57,-1,214
15743,1,57,-1,621
15744,1,48,-1,121
15745,1,57,-1,514
15746,1,57,-1,349
15747,1,57,-1,377
15748,1,57,-1,411
15749,1,57,-1,402
15750,1,57,-1,260
15751,1,57,-1,337
15752,1,57,-1,452
15753,1,57,-1,360
15754,1,57,-1,511
15755,1,57,3,323
15756,1,57,-1,489
15757,1,57,-1,390
15758,1,57,-1,369
15759,1,57,-1,318
15760,1,57,-1,380
15761,1,57,-1,320
15762,1,57,-1,593
15763,1,57,-1,515
15764,1,57,-1,635
15765,1,57,-1,406
15766,1,57,-1,217
15767,1,57,-1,377
15768,1,57,-1,511
15769,1,57,-1,467
15770,1,57,-1,330
15771,1,57,-1,248
15772,1,57,-1,424
15773,1,57,-1,400
15774,1,57,-1,290
15775,1,57,-1,384
15776,1,57,-1,440
15777,1,37,-1,115
15778,1,57,-1,380
15779,1,57,-1,435
15780,1,57,-1,381
15781,1,57,-1,479
15782,1,57,-1,462
15783,1,57,-1,356
15784,1,30,-1,340
15785,1,57,-1,373
15786,1,57,-1,408
15787,1,57,-1,422
15788,1,57,-1,314
15789,1,57,-1,345
15790,1,57,-1,575
15791,1,57,-1,575
15792,1,57,-1,360
15793,1,57,-1,358
15794,1,57,-1,201
15795,1,57,-1,425
15796,1,57,-1,264
15797,1,57,-1,474
15798,1,57,-1,350
15799,1,57,-1,377
15800,1,57,-1,271
15801,1,57,-1,314
15802,1,57,-1,469
15803,1,57,-1,365
15804,1,57,-1,444
15805,1,57,-1,449
15806,1,57,-1,351
15807,1,57,-1,350
15808,1,57,-1,372
15809,1,57,-1,286
15810,1,57,-1,372
15811,1,57,-1,426
15812,1,57,-1,358
15813,1,57,-1,424
15814,1,57,-1,452
15815,1,57,-1,441
15816,1,57,-1,459
15817,1,57,-1,424
15818,1,57,-1,305
15819,1,57,-1,383
15820,1,57,-1,204
15821,1,57,-1,310
15822,1,57,-1,280
15823,1,57,-1,442
15824,1,57,-1,538
15825,1,57,-1,459
15826,1,57,-1,234
15827,1,57,-1,385
15828,1,57,-1,362
15829,1,57,-1,254
15830,1,57,-1,421
15831,1,57,-1,520
15832,1,57,-1,296
15833,1,57,-1,349
15834,1,57,-1,472
15835,1,57,-1,451
15836,1,57,-1,386
15837,1,57,-1,381
15838,1,57,-1,253
15839,1,57,-1,436
15840,1,57,-1,443
15841,1,57,-1,357
15842,1,57,-1,492
15843,1,57,-1,428
15844,1,57,-1,205
15845,1,57,-1,235
15846,1,9,-1,-1
15847,1,57,-1,319
15848,1,57,-1,184
15849,1,57,-1,515
15850,1,57,-1,290
15851,1,57,-1,368
15852,1,57,-1,510
15853,1,57,-1,413
15854,1,57,-1,445
15855,1,57,-1,339
15856,1,57,-1,521
15857,1,57,-1,358
15858,1,57,-1,427
15859,1,57,-1,316
15860,1,57,-1,456
15861,1,57,-1,144
15862,1,57,-1,458
15863,1,57,-1,511
15864,1,57,-1,429
15865,1,57,-1,255
15866,1,57,-1,360
15867,1,57,-1,493
15868,1,57,-1,288
15869,1,57,-1,325
15870,1,57,-1,439
15871,1,57,-1,292
15872,1,57,-1,370
15873,1,57,-1,258
15874,1,57,-1,419
15875,1,57,-1,443
15876,1,57,-1,285
15877,1,57,-1,300
15878,1,57,-1,322
15879,1,57,-1,425
15880,1,57,-1,158
15881,1,57,-1,321
15882,1,57,-1,388
15883,1,57,-1,260
15884,1,57,-1,391
15885,1,57,-1,381
15886,1,57,-1,417
15887,1,57,-1,404
15888,1,57,-1,466
15889,1,57,-1,421
15890,1,57,-1,358
15891,1,57,-1,359
15892,1,57,-1,330
15893,1,57,-1,359
15894,1,57,-1,350
15895,1,57,-1,388
15896,1,9,-1,-1
15897,1,57,-1,531
15898,1,57,-1,386
15899,1,57,-1,404
15900,1,57,-1,473
15901,1,57,-1,439
15902,1,57,-1,294
15903,1,57,-1,431
15904,1,57,20,86
15905,1,57,26,170
15906,1,57,15,109
15907,1,57,25,117
15908,1,57,1,136
15909,1,57,38,110
15910,1,57,40,40
15911,1,57,25,131
15912,1,57,-1,59
15913,1,57,25,110
15914,1,57,25,90
15915,1,57,2,109
15916,1,57,5,96
15917,1,57,1,26
15918,1,57,18,131
15919,1,57,4,152
15920,1,57,3,86
15921,1,57,22,65
15922,1,57,18,75
15923,1,57,15,9
15924,1,57,-1,97
15925,1,57,31,147
15926,1,57,-1,97
15927,1,57,5,90
15928,1,57,26,130
15929,1,57,-1,137
15930,1,57,4,166
15931,1,57,17,109
15932,1,57,13,62
15933,1,57,18,101
15934,1,57,23,119
15935,1,57,13,127
15936,1,57,28,61
15937,1,57,26,52
15938,1,57,9,179
15939,1,57,22,47
15940,1,57,20,138
15941,1,57,-1,107
15942,1,57,-1,81
15943,1,57,32,55
15944,1,57,2,129
15945,1,57,34,107
15946,1,57,1,137
15947,1,57,23,78
15948,1,57,27,108
15949,1,57,15,102
15950,1,57,1,41
15951,1,57,1,85
15952,1,57,3,57
15953,1,57,30,92
15954,1,57,27,127
15955,1,57,8,71
15956,1,57,9,109
15957,1,57,15,146
15958,1,57,19,150
15959,1,57,19,130
15960,1,57,16,157
15961,1,57,1,50
15962,1,57,27,110
15963,1,57,18,87
15964,1,-1,-1,175
15965,1,-1,-1,380
15966,1,-1,-1,429
15967,1,-1,-1,446
15968,1,-1,-1,286
15969,1,-1,-1,339
15970,1,-1,-1,513
15971,1,-1,-1,174
15972,1,-1,-1,352
15973,1,-1,-1,115
15974,1,-1,-1,499
15975,1,-1,-1,370
15976,1,-1,-1,442
15977,1,-1,-1,392
15978,1,-1,-1,352
15979,1,-1,-1,247
15980,1,-1,-1,529
15981,1,-1,-1,242
15982,1,-1,-1,267
15983,1,-1,-1,433
15984,1,-1,-1,484
15985,1,-1,-1,360
15986,1,-1,-1,214
15987,1,-1,-1,317
15988,1,-1,-1,474
15989,1,-1,-1,229
15990,1,-1,-1,406
15991,1,-1,-1,401
15992,1,-1,-1,339
15993,1,-1,-1,269
15995,1,-1,-1,390
15996,1,-1,-1,334
15997,1,-1,-1,258
15998,1,-1,-1,596
15999,1,-1,-1,276
16000,1,-1,-1,368
16001,1,-1,-1,453
16002,1,-1,-1,336
16004,1,-1,-1,201
16005,1,-1,-1,470
16006,1,-1,-1,190
16007,1,-1,-1,338
16008,1,-1,-1,411
16009,1,22,-1,331
16010,1,-1,-1,447
16011,1,-1,-1,323
16012,1,29,-1,360
16014,1,-1,-1,296
16015,1,-1,-1,448
16016,1,-1,-1,366
16017,1,-1,-1,140
16018,1,-1,-1,312
16019,1,-1,-1,507
16020,1,-1,-1,313
16021,1,-1,-1,303
16022,1,-1,-1,239
16023,1,-1,-1,356
16024,1,-1,-1,500
16025,1,-1,-1,477
16026,1,-1,-1,450
16027,1,-1,-1,484
16028,1,57,-1,340
16029,1,57,-1,398
16030,1,57,-1,393
16031,1,57,-1,310
16032,1,57,-1,311
16033,1,57,-1,331
16034,1,57,-1,247
16035,1,57,-1,443
16036,1,57,-1,521
16037,1,57,-1,505
16038,1,57,-1,657
16039,1,57,-1,501
16040,1,57,-1,298
16041,1,57,-1,255
16042,1,57,-1,430
16043,1,57,-1,296
16044,1,57,1,413
16045,1,57,-1,367
16046,1,57,-1,418
16047,1,57,-1,374
16048,1,57,-1,434
16049,1,57,-1,385
16050,1,57,-1,517
16051,1,57,-1,600
16052,1,57,-1,353
16053,1,57,-1,299
16054,1,57,-1,432
16055,1,57,-1,380
16056,1,57,-1,356
16057,1,57,-1,457
16058,1,55,-1,362
16059,1,57,-1,362
16060,1,57,-1,131
16061,1,57,-1,246
16062,1,57,-1,261
16063,1,57,-1,371
16064,1,57,-1,346
16067,1,57,-1,393
16068,1,57,-1,363
16069,1,57,-1,368
16070,1,57,-1,488
16071,1,57,-1,246
16072,1,57,-1,327
16073,1,57,-1,386
16074,1,57,-1,266
16075,1,57,-1,460
16076,1,57,-1,470
16077,1,57,-1,449
16078,1,57,-1,498
16079,1,57,-1,379
16080,1,57,-1,360
16081,1,57,2,230
16082,1,57,1,200
16083,1,57,1,200
16084,1,57,2,244
16085,1,57,-1,421
16086,1,57,-1,333
16087,1,57,-1,196
16088,1,57,-1,293
16089,1,57,1,134
16090,1,57,-1,327
16091,1,57,-1,451
16092,1,57,2,331
16093,1,57,1,100
16094,1,57,-1,357
16095,1,57,2,342
16096,1,57,-1,271
16097,1,57,19,294
16098,1,57,-1,262
16099,1,57,-1,263
16100,1,57,1,328
16101,1,57,-1,340
16102,1,57,-1,385
16103,1,57,1,319
16104,1,57,-1,233
16105,1,57,-1,224
16106,1,57,-1,327
16107,1,57,-1,191
16108,1,57,2,199
16109,1,57,-1,140
16110,1,57,8,337
16111,1,57,1,235
16112,1,57,4,295
16113,1,57,1,178
16114,1,57,-1,311
16115,1,57,-1,342
16116,1,57,-1,200
16117,1,57,-1,259
16118,1,57,-1,426
16119,1,57,1,285
16120,1,57,1,431
16121,1,57,-1,425
16122,1,57,1,439
16123,1,57,-1,395
16124,1,57,6,435
16125,1,57,-1,219
16126,1,57,-1,280
16127,1,57,-1,399
16128,1,57,-1,321
16129,1,57,-1,366
16130,1,57,-1,306
16131,1,57,-1,439
16132,1,57,-1,212
16133,1,57,1,150
16134,1,57,-1,317
16135,1,57,-1,392
16136,1,57,1,296
16137,1,57,-1,321
16138,1,57,-1,439
16139,1,57,-1,318
16140,1,57,-1,307
16141,1,57,-1,324
16142,1,57,-1,304
16143,1,57,-1,282
16144,1,57,-1,344
16145,1,57,1,195
16146,1,57,1,364
16147,1,57,-1,221
16148,1,57,1,424
16149,1,57,-1,305
16150,1,57,-1,428
16151,1,57,-1,297
16152,1,57,-1,257
16153,1,57,-1,158
16154,1,57,1,298
16155,1,57,-1,226
16156,1,57,2,167
16157,1,57,-1,383
16158,1,57,4,323
16159,1,-1,-1,364
16160,1,57,-1,225
16161,1,-1,-1,218
16162,1,48,3,183