[{"source": "178\u9ad8\u8001\u5e08", "target": "\u9ad8\u4e8c(04)", "value": 1}, {"source": "178\u9ad8\u8001\u5e08", "target": "\u9ad8\u4e8c(05)", "value": 1}, {"source": "178\u9ad8\u8001\u5e08", "target": "\u9ad8\u4e8c(06)", "value": 1}, {"source": "180\u5f90\u8001\u5e08", "target": "\u9ad8\u4e09(11)", "value": 1}, {"source": "181\u738b\u8001\u5e08", "target": "\u9ad8\u4e8c(02)", "value": 1}, {"source": "181\u738b\u8001\u5e08", "target": "\u9ad8\u4e8c(03)", "value": 1}, {"source": "181\u738b\u8001\u5e08", "target": "\u9ad8\u4e8c(10)", "value": 1}, {"source": "181\u738b\u8001\u5e08", "target": "\u9ad8\u4e8c(01)", "value": 1}, {"source": "182\u5e84\u8001\u5e08", "target": "\u9ad8\u4e09(12) ", "value": 1}, {"source": "192\u738b\u8001\u5e08", "target": "\u9ad8\u4e00(04)", "value": 1}, {"source": "192\u738b\u8001\u5e08", "target": "\u9ad8\u4e00(05)", "value": 1}, {"source": "192\u738b\u8001\u5e08", "target": "\u9ad8\u4e00(06)", "value": 1}, {"source": "192\u738b\u8001\u5e08", "target": "\u9ad8\u4e00(07)", "value": 1}, {"source": "220\u674e\u8001\u5e08", "target": "\u9ad8\u4e00(08)", "value": 1}, {"source": "220\u674e\u8001\u5e08", "target": "\u9ad8\u4e00(09)", "value": 1}, {"source": "220\u674e\u8001\u5e08", "target": "\u9ad8\u4e00(10)", "value": 1}, {"source": "223\u9648\u8001\u5e08", "target": "\u9ad8\u4e00(01)", "value": 1}, {"source": "223\u9648\u8001\u5e08", "target": "\u9ad8\u4e00(02)", "value": 1}, {"source": "223\u9648\u8001\u5e08", "target": "\u9ad8\u4e00(03)", "value": 1}, {"source": "256\u51af\u8001\u5e08", "target": "\u9ad8\u4e8c(07)", "value": 1}, {"source": "256\u51af\u8001\u5e08", "target": "\u9ad8\u4e8c(08)", "value": 1}, {"source": "256\u51af\u8001\u5e08", "target": "\u9ad8\u4e8c(09)", "value": 1}, {"source": "256\u51af\u8001\u5e08", "target": "\u9ad8\u4e8c(11)", "value": 1}]