[{"source": "45\u865e\u8001\u5e08", "target": "\u9ad8\u4e09(01)", "value": 1}, {"source": "45\u865e\u8001\u5e08", "target": "\u9ad8\u4e09(02)", "value": 1}, {"source": "49\u5085\u8001\u5e08", "target": "\u9ad8\u4e00(07)", "value": 1}, {"source": "49\u5085\u8001\u5e08", "target": "\u9ad8\u4e00(08)", "value": 1}, {"source": "50\u8c22\u8001\u5e08", "target": "\u9ad8\u4e09(05)", "value": 1}, {"source": "51\u987e\u8001\u5e08", "target": "\u9ad8\u4e8c(01)", "value": 1}, {"source": "52\u9648\u8001\u5e08", "target": "\u9ad8\u4e8c(06)", "value": 1}, {"source": "52\u9648\u8001\u5e08", "target": "\u9ad8\u4e8c(07)", "value": 1}, {"source": "53\u5510\u8001\u5e08", "target": "\u9ad8\u4e8c(08)", "value": 1}, {"source": "53\u5510\u8001\u5e08", "target": "\u9ad8\u4e8c(09)", "value": 1}, {"source": "54\u6d2a\u8001\u5e08", "target": "\u9ad8\u4e09(08)", "value": 1}, {"source": "54\u6d2a\u8001\u5e08", "target": "\u9ad8\u4e09(07)", "value": 1}, {"source": "56\u5f20\u8001\u5e08", "target": "\u9ad8\u4e09(04)", "value": 1}, {"source": "56\u5f20\u8001\u5e08", "target": "\u9ad8\u4e09(03)", "value": 1}, {"source": "57\u5f20\u8001\u5e08", "target": "\u9ad8\u4e00(03)", "value": 1}, {"source": "58\u848b\u8001\u5e08", "target": "\u9ad8\u4e00(09)", "value": 1}, {"source": "58\u848b\u8001\u5e08", "target": "\u9ad8\u4e00(10)", "value": 1}, {"source": "62\u5c91\u8001\u5e08", "target": "\u9ad8\u4e09(11)", "value": 1}, {"source": "64\u9ec4\u8001\u5e08", "target": "\u9ad8\u4e00(01)", "value": 1}, {"source": "64\u9ec4\u8001\u5e08", "target": "\u9ad8\u4e00(02)", "value": 1}, {"source": "65\u9648\u8001\u5e08", "target": "\u9ad8\u4e09(12) ", "value": 1}, {"source": "65\u9648\u8001\u5e08", "target": "\u9ad8\u4e09(10)", "value": 1}, {"source": "66\u90d1\u8001\u5e08", "target": "\u9ad8\u4e8c(04)", "value": 1}, {"source": "66\u90d1\u8001\u5e08", "target": "\u9ad8\u4e8c(05)", "value": 1}, {"source": "224\u5f90\u8001\u5e08", "target": "\u9ad8\u4e8c(02)", "value": 1}, {"source": "224\u5f90\u8001\u5e08", "target": "\u9ad8\u4e8c(03)", "value": 1}, {"source": "266\u53f6\u8001\u5e08", "target": "\u9ad8\u4e00(04)", "value": 1}, {"source": "268\u6731\u8001\u5e08", "target": "\u9ad8\u4e09(09)", "value": 1}, {"source": "268\u6731\u8001\u5e08", "target": "\u9ad8\u4e09(06)", "value": 1}, {"source": "269\u9a6c\u8001\u5e08", "target": "\u9ad8\u4e8c(10)", "value": 1}, {"source": "269\u9a6c\u8001\u5e08", "target": "\u9ad8\u4e8c(11)", "value": 1}, {"source": "334\u5218\u8001\u5e08", "target": "\u9ad8\u4e00(05)", "value": 1}, {"source": "334\u5218\u8001\u5e08", "target": "\u9ad8\u4e00(06)", "value": 1}]