[{"source": "183\u738b\u8001\u5e08", "target": "\u9ad8\u4e09(11)", "value": 1}, {"source": "184\u9648\u8001\u5e08", "target": "\u9ad8\u4e09(12) ", "value": 1}, {"source": "185\u5218\u8001\u5e08", "target": "\u9ad8\u4e8c(10)", "value": 1}, {"source": "185\u5218\u8001\u5e08", "target": "\u9ad8\u4e8c(11)", "value": 1}, {"source": "187\u6f58\u8001\u5e08", "target": "\u9ad8\u4e00(03)", "value": 1}, {"source": "187\u6f58\u8001\u5e08", "target": "\u9ad8\u4e00(04)", "value": 1}, {"source": "187\u6f58\u8001\u5e08", "target": "\u9ad8\u4e00(05)", "value": 1}, {"source": "188\u8c22\u8001\u5e08", "target": "\u9ad8\u4e00(01)", "value": 1}, {"source": "188\u8c22\u8001\u5e08", "target": "\u9ad8\u4e00(02)", "value": 1}, {"source": "188\u8c22\u8001\u5e08", "target": "\u9ad8\u4e00(06)", "value": 1}, {"source": "189\u5f20\u8001\u5e08", "target": "\u9ad8\u4e00(09)", "value": 1}, {"source": "189\u5f20\u8001\u5e08", "target": "\u9ad8\u4e00(10)", "value": 1}, {"source": "337\u5f20\u8001\u5e08", "target": "\u9ad8\u4e00(07)", "value": 1}, {"source": "337\u5f20\u8001\u5e08", "target": "\u9ad8\u4e00(08)", "value": 1}]