[{"source": "2\u738b\u8001\u5e08", "target": "\u9ad8\u4e00(10)", "value": 1}, {"source": "17\u590f\u8001\u5e08", "target": "\u9ad8\u4e09(06)", "value": 1}, {"source": "141\u90ac\u8001\u5e08", "target": "\u9ad8\u4e8c(04)", "value": 1}, {"source": "141\u90ac\u8001\u5e08", "target": "\u9ad8\u4e8c(05)", "value": 1}, {"source": "141\u90ac\u8001\u5e08", "target": "\u9ad8\u4e8c(06)", "value": 1}, {"source": "144\u8d3a\u8001\u5e08", "target": "\u9ad8\u4e8c(07)", "value": 1}, {"source": "144\u8d3a\u8001\u5e08", "target": "\u9ad8\u4e8c(08)", "value": 1}, {"source": "144\u8d3a\u8001\u5e08", "target": "\u9ad8\u4e8c(09)", "value": 1}, {"source": "145\u4f55\u8001\u5e08", "target": "\u9ad8\u4e09(04)", "value": 1}, {"source": "145\u4f55\u8001\u5e08", "target": "\u9ad8\u4e09(03)", "value": 1}, {"source": "146\u8881\u8001\u5e08", "target": "\u9ad8\u4e00(01)", "value": 1}, {"source": "146\u8881\u8001\u5e08", "target": "\u9ad8\u4e00(02)", "value": 1}, {"source": "148\u4f55\u8001\u5e08", "target": "\u9ad8\u4e00(03)", "value": 1}, {"source": "148\u4f55\u8001\u5e08", "target": "\u9ad8\u4e00(04)", "value": 1}, {"source": "148\u4f55\u8001\u5e08", "target": "\u9ad8\u4e00(07)", "value": 1}, {"source": "150\u9648\u8001\u5e08", "target": "\u9ad8\u4e09(08)", "value": 1}, {"source": "150\u9648\u8001\u5e08", "target": "\u9ad8\u4e09(09)", "value": 1}, {"source": "151\u9648\u8001\u5e08", "target": "\u9ad8\u4e8c(02)", "value": 1}, {"source": "151\u9648\u8001\u5e08", "target": "\u9ad8\u4e8c(03)", "value": 1}, {"source": "248\u53f6\u8001\u5e08", "target": "\u9ad8\u4e00(08)", "value": 1}, {"source": "248\u53f6\u8001\u5e08", "target": "\u9ad8\u4e00(09)", "value": 1}, {"source": "249\u6768\u8001\u5e08", "target": "\u9ad8\u4e09(01)", "value": 1}, {"source": "249\u6768\u8001\u5e08", "target": "\u9ad8\u4e09(02)", "value": 1}, {"source": "257\u5e84\u8001\u5e08", "target": "\u9ad8\u4e09(05)", "value": 1}, {"source": "257\u5e84\u8001\u5e08", "target": "\u9ad8\u4e09(07)", "value": 1}, {"source": "264\u5f20\u8001\u5e08", "target": "\u9ad8\u4e09(10)", "value": 1}, {"source": "265\u5f20\u8001\u5e08", "target": "\u9ad8\u4e00(05)", "value": 1}, {"source": "265\u5f20\u8001\u5e08", "target": "\u9ad8\u4e00(06)", "value": 1}, {"source": "328\u5b59\u8001\u5e08", "target": "\u9ad8\u4e8c(01)", "value": 1}]