[{"source": "159\u5415\u8001\u5e08", "target": "\u9ad8\u4e00(06)", "value": 1}, {"source": "159\u5415\u8001\u5e08", "target": "\u9ad8\u4e00(07)", "value": 1}, {"source": "161\u738b\u8001\u5e08", "target": "\u9ad8\u4e8c(03)", "value": 1}, {"source": "163\u6c6a\u8001\u5e08", "target": "\u9ad8\u4e09(03)", "value": 1}, {"source": "164\u6797\u8001\u5e08", "target": "\u9ad8\u4e8c(04)", "value": 1}, {"source": "164\u6797\u8001\u5e08", "target": "\u9ad8\u4e8c(05)", "value": 1}, {"source": "164\u6797\u8001\u5e08", "target": "\u9ad8\u4e8c(06)", "value": 1}, {"source": "166\u9ec4\u8001\u5e08", "target": "\u9ad8\u4e09(04)", "value": 1}, {"source": "167\u90d1\u8001\u5e08", "target": "\u9ad8\u4e00(03)", "value": 1}, {"source": "167\u90d1\u8001\u5e08", "target": "\u9ad8\u4e00(04)", "value": 1}, {"source": "167\u90d1\u8001\u5e08", "target": "\u9ad8\u4e00(05)", "value": 1}, {"source": "168\u5f20\u8001\u5e08", "target": "\u9ad8\u4e09(01)", "value": 1}, {"source": "168\u5f20\u8001\u5e08", "target": "\u9ad8\u4e09(02)", "value": 1}, {"source": "170\u4fde\u8001\u5e08", "target": "\u9ad8\u4e09(09)", "value": 1}, {"source": "170\u4fde\u8001\u5e08", "target": "\u9ad8\u4e09(10)", "value": 1}, {"source": "171\u9648\u8001\u5e08", "target": "\u9ad8\u4e00(02)", "value": 1}, {"source": "172\u90ed\u8001\u5e08", "target": "\u9ad8\u4e00(01)", "value": 1}, {"source": "259\u5468\u8001\u5e08", "target": "\u9ad8\u4e8c(07)", "value": 1}, {"source": "259\u5468\u8001\u5e08", "target": "\u9ad8\u4e8c(08)", "value": 1}, {"source": "259\u5468\u8001\u5e08", "target": "\u9ad8\u4e8c(09)", "value": 1}, {"source": "275\u738b\u8001\u5e08", "target": "\u9ad8\u4e09(05)", "value": 1}, {"source": "275\u738b\u8001\u5e08", "target": "\u9ad8\u4e09(06)", "value": 1}, {"source": "307\u6731\u8001\u5e08", "target": "\u9ad8\u4e09(08)", "value": 1}, {"source": "307\u6731\u8001\u5e08", "target": "\u9ad8\u4e09(07)", "value": 1}, {"source": "326\u5f20\u8001\u5e08", "target": "\u9ad8\u4e00(08)", "value": 1}, {"source": "326\u5f20\u8001\u5e08", "target": "\u9ad8\u4e00(09)", "value": 1}, {"source": "326\u5f20\u8001\u5e08", "target": "\u9ad8\u4e00(10)", "value": 1}]