[{"name": "45\u865e\u8001\u5e08"}, {"name": "49\u5085\u8001\u5e08"}, {"name": "50\u8c22\u8001\u5e08"}, {"name": "51\u987e\u8001\u5e08"}, {"name": "52\u9648\u8001\u5e08"}, {"name": "53\u5510\u8001\u5e08"}, {"name": "54\u6d2a\u8001\u5e08"}, {"name": "56\u5f20\u8001\u5e08"}, {"name": "57\u5f20\u8001\u5e08"}, {"name": "58\u848b\u8001\u5e08"}, {"name": "62\u5c91\u8001\u5e08"}, {"name": "64\u9ec4\u8001\u5e08"}, {"name": "65\u9648\u8001\u5e08"}, {"name": "66\u90d1\u8001\u5e08"}, {"name": "224\u5f90\u8001\u5e08"}, {"name": "266\u53f6\u8001\u5e08"}, {"name": "268\u6731\u8001\u5e08"}, {"name": "269\u9a6c\u8001\u5e08"}, {"name": "334\u5218\u8001\u5e08"}, {"name": "\u9ad8\u4e00(01)"}, {"name": "\u9ad8\u4e00(02)"}, {"name": "\u9ad8\u4e00(03)"}, {"name": "\u9ad8\u4e00(04)"}, {"name": "\u9ad8\u4e00(05)"}, {"name": "\u9ad8\u4e00(06)"}, {"name": "\u9ad8\u4e00(07)"}, {"name": "\u9ad8\u4e00(08)"}, {"name": "\u9ad8\u4e00(09)"}, {"name": "\u9ad8\u4e00(10)"}, {"name": "\u9ad8\u4e09(01)"}, {"name": "\u9ad8\u4e09(02)"}, {"name": "\u9ad8\u4e09(03)"}, {"name": "\u9ad8\u4e09(04)"}, {"name": "\u9ad8\u4e09(05)"}, {"name": "\u9ad8\u4e09(06)"}, {"name": "\u9ad8\u4e09(07)"}, {"name": "\u9ad8\u4e09(08)"}, {"name": "\u9ad8\u4e09(09)"}, {"name": "\u9ad8\u4e09(10)"}, {"name": "\u9ad8\u4e09(11)"}, {"name": "\u9ad8\u4e09(12) "}, {"name": "\u9ad8\u4e8c(01)"}, {"name": "\u9ad8\u4e8c(02)"}, {"name": "\u9ad8\u4e8c(03)"}, {"name": "\u9ad8\u4e8c(04)"}, {"name": "\u9ad8\u4e8c(05)"}, {"name": "\u9ad8\u4e8c(06)"}, {"name": "\u9ad8\u4e8c(07)"}, {"name": "\u9ad8\u4e8c(08)"}, {"name": "\u9ad8\u4e8c(09)"}, {"name": "\u9ad8\u4e8c(10)"}, {"name": "\u9ad8\u4e8c(11)"}]