[{"name": "183\u738b\u8001\u5e08"}, {"name": "184\u9648\u8001\u5e08"}, {"name": "185\u5218\u8001\u5e08"}, {"name": "187\u6f58\u8001\u5e08"}, {"name": "188\u8c22\u8001\u5e08"}, {"name": "189\u5f20\u8001\u5e08"}, {"name": "337\u5f20\u8001\u5e08"}, {"name": "\u9ad8\u4e00(01)"}, {"name": "\u9ad8\u4e00(02)"}, {"name": "\u9ad8\u4e00(03)"}, {"name": "\u9ad8\u4e00(04)"}, {"name": "\u9ad8\u4e00(05)"}, {"name": "\u9ad8\u4e00(06)"}, {"name": "\u9ad8\u4e00(07)"}, {"name": "\u9ad8\u4e00(08)"}, {"name": "\u9ad8\u4e00(09)"}, {"name": "\u9ad8\u4e00(10)"}, {"name": "\u9ad8\u4e09(11)"}, {"name": "\u9ad8\u4e09(12) "}, {"name": "\u9ad8\u4e8c(10)"}, {"name": "\u9ad8\u4e8c(11)"}]