[{"name": "2\u738b\u8001\u5e08"}, {"name": "17\u590f\u8001\u5e08"}, {"name": "141\u90ac\u8001\u5e08"}, {"name": "144\u8d3a\u8001\u5e08"}, {"name": "145\u4f55\u8001\u5e08"}, {"name": "146\u8881\u8001\u5e08"}, {"name": "148\u4f55\u8001\u5e08"}, {"name": "150\u9648\u8001\u5e08"}, {"name": "151\u9648\u8001\u5e08"}, {"name": "248\u53f6\u8001\u5e08"}, {"name": "249\u6768\u8001\u5e08"}, {"name": "257\u5e84\u8001\u5e08"}, {"name": "264\u5f20\u8001\u5e08"}, {"name": "265\u5f20\u8001\u5e08"}, {"name": "328\u5b59\u8001\u5e08"}, {"name": "\u9ad8\u4e00(01)"}, {"name": "\u9ad8\u4e00(02)"}, {"name": "\u9ad8\u4e00(03)"}, {"name": "\u9ad8\u4e00(04)"}, {"name": "\u9ad8\u4e00(05)"}, {"name": "\u9ad8\u4e00(06)"}, {"name": "\u9ad8\u4e00(07)"}, {"name": "\u9ad8\u4e00(08)"}, {"name": "\u9ad8\u4e00(09)"}, {"name": "\u9ad8\u4e00(10)"}, {"name": "\u9ad8\u4e09(01)"}, {"name": "\u9ad8\u4e09(02)"}, {"name": "\u9ad8\u4e09(03)"}, {"name": "\u9ad8\u4e09(04)"}, {"name": "\u9ad8\u4e09(05)"}, {"name": "\u9ad8\u4e09(06)"}, {"name": "\u9ad8\u4e09(07)"}, {"name": "\u9ad8\u4e09(08)"}, {"name": "\u9ad8\u4e09(09)"}, {"name": "\u9ad8\u4e09(10)"}, {"name": "\u9ad8\u4e8c(01)"}, {"name": "\u9ad8\u4e8c(02)"}, {"name": "\u9ad8\u4e8c(03)"}, {"name": "\u9ad8\u4e8c(04)"}, {"name": "\u9ad8\u4e8c(05)"}, {"name": "\u9ad8\u4e8c(06)"}, {"name": "\u9ad8\u4e8c(07)"}, {"name": "\u9ad8\u4e8c(08)"}, {"name": "\u9ad8\u4e8c(09)"}]