[{"source": "215\u6c88\u8001\u5e08", "target": "\u9ad8\u4e8c(09)", "value": 1}, {"source": "215\u6c88\u8001\u5e08", "target": "\u9ad8\u4e8c(10)", "value": 1}, {"source": "215\u6c88\u8001\u5e08", "target": "\u9ad8\u4e8c(11)", "value": 1}, {"source": "215\u6c88\u8001\u5e08", "target": "\u9ad8\u4e8c(01)", "value": 1}, {"source": "215\u6c88\u8001\u5e08", "target": "\u9ad8\u4e09(01)", "value": 1}, {"source": "215\u6c88\u8001\u5e08", "target": "\u9ad8\u4e09(02)", "value": 1}, {"source": "215\u6c88\u8001\u5e08", "target": "\u9ad8\u4e09(03)", "value": 1}, {"source": "215\u6c88\u8001\u5e08", "target": "\u9ad8\u4e00(01)", "value": 1}, {"source": "215\u6c88\u8001\u5e08", "target": "\u9ad8\u4e00(02)", "value": 1}, {"source": "215\u6c88\u8001\u5e08", "target": "\u9ad8\u4e00(03)", "value": 1}, {"source": "215\u6c88\u8001\u5e08", "target": "\u9ad8\u4e00(04)", "value": 1}, {"source": "215\u6c88\u8001\u5e08", "target": "\u9ad8\u4e00(05)", "value": 1}, {"source": "312\u8fc7\u8001\u5e08", "target": "\u9ad8\u4e8c(06)", "value": 1}, {"source": "312\u8fc7\u8001\u5e08", "target": "\u9ad8\u4e8c(07)", "value": 1}, {"source": "312\u8fc7\u8001\u5e08", "target": "\u9ad8\u4e8c(08)", "value": 1}, {"source": "312\u8fc7\u8001\u5e08", "target": "\u9ad8\u4e09(04)", "value": 1}, {"source": "312\u8fc7\u8001\u5e08", "target": "\u9ad8\u4e09(05)", "value": 1}, {"source": "312\u8fc7\u8001\u5e08", "target": "\u9ad8\u4e09(06)", "value": 1}, {"source": "312\u8fc7\u8001\u5e08", "target": "\u9ad8\u4e00(06)", "value": 1}, {"source": "312\u8fc7\u8001\u5e08", "target": "\u9ad8\u4e00(07)", "value": 1}, {"source": "312\u8fc7\u8001\u5e08", "target": "\u9ad8\u4e00(08)", "value": 1}, {"source": "312\u8fc7\u8001\u5e08", "target": "\u9ad8\u4e00(09)", "value": 1}, {"source": "312\u8fc7\u8001\u5e08", "target": "\u9ad8\u4e00(10)", "value": 1}]