[{"source": "193\u738b\u8001\u5e08", "target": "\u9ad8\u4e09(11)", "value": 1}, {"source": "194\u5218\u8001\u5e08", "target": "\u9ad8\u4e8c(10)", "value": 1}, {"source": "194\u5218\u8001\u5e08", "target": "\u9ad8\u4e8c(11)", "value": 1}, {"source": "196\u590f\u8001\u5e08", "target": "\u9ad8\u4e00(01)", "value": 1}, {"source": "196\u590f\u8001\u5e08", "target": "\u9ad8\u4e00(02)", "value": 1}, {"source": "197\u5434\u8001\u5e08", "target": "\u9ad8\u4e00(08)", "value": 1}, {"source": "197\u5434\u8001\u5e08", "target": "\u9ad8\u4e00(09)", "value": 1}, {"source": "197\u5434\u8001\u5e08", "target": "\u9ad8\u4e00(10)", "value": 1}, {"source": "281\u738b\u8001\u5e08", "target": "\u9ad8\u4e00(05)", "value": 1}, {"source": "281\u738b\u8001\u5e08", "target": "\u9ad8\u4e00(06)", "value": 1}, {"source": "281\u738b\u8001\u5e08", "target": "\u9ad8\u4e00(07)", "value": 1}, {"source": "338\u674e\u8001\u5e08", "target": "\u9ad8\u4e09(12) ", "value": 1}, {"source": "338\u674e\u8001\u5e08", "target": "\u9ad8\u4e00(03)", "value": 1}, {"source": "338\u674e\u8001\u5e08", "target": "\u9ad8\u4e00(04)", "value": 1}]