[{"source": "14\u5e84\u8001\u5e08", "target": "\u9ad8\u4e8c(10)", "value": 1}, {"source": "14\u5e84\u8001\u5e08", "target": "\u9ad8\u4e8c(11)", "value": 1}, {"source": "152\u9648\u8001\u5e08", "target": "\u9ad8\u4e8c(03)", "value": 1}, {"source": "152\u9648\u8001\u5e08", "target": "\u9ad8\u4e8c(04)", "value": 1}, {"source": "152\u9648\u8001\u5e08", "target": "\u9ad8\u4e8c(05)", "value": 1}, {"source": "154\u6731\u8001\u5e08", "target": "\u9ad8\u4e8c(02)", "value": 1}, {"source": "154\u6731\u8001\u5e08", "target": "\u9ad8\u4e8c(01)", "value": 1}, {"source": "154\u6731\u8001\u5e08", "target": "\u9ad8\u4e00(01)", "value": 1}, {"source": "154\u6731\u8001\u5e08", "target": "\u9ad8\u4e00(02)", "value": 1}, {"source": "157\u738b\u8001\u5e08", "target": "\u9ad8\u4e8c(08)", "value": 1}, {"source": "157\u738b\u8001\u5e08", "target": "\u9ad8\u4e8c(09)", "value": 1}, {"source": "158\u4fde\u8001\u5e08", "target": "\u9ad8\u4e8c(06)", "value": 1}, {"source": "158\u4fde\u8001\u5e08", "target": "\u9ad8\u4e8c(07)", "value": 1}]